鄉鎮市區.x,...1,Unnamed..0,學校級別,代碼,School,City,地址,電話,地區屬性,longitude,latitude,newLat,newLng,isInService_foodpanda,inServiceUber
士林區,2495,2495,國民小學,413615,市立天母國小,臺北市,[111]臺北市士林區天玉里天玉街12號,(02)28723336,,121.527457,25.119736,25.1197914,121.5275331,1,1
大同區,2420,2420,國民小學,363605,市立雙蓮國小,臺北市,[103]臺北市大同區民權里錦西街51號,(02)25570309,,121.516672,25.060118,25.0601292,121.5167604,1,1
大安區,2391,2391,國民小學,333605,市立仁愛國小,臺北市,[106]臺北市大安區敦安里安和路1段60號,(02)27095010,,121.552386,25.035792,25.033995,121.552172,1,1
中山區,2397,2397,國民小學,343601,市立中山國小,臺北市,[104]臺北市中山區恆安里民權東路1段69號,(02)25914085,,121.526315,25.062914,25.0621027,121.5378875,1,1
中正區,2413,2413,國民小學,353606,市立東門國小,臺北市,[100]臺北市中正區東門里仁愛路一段2-4號,(02)23412822,,121.520643,25.038022,25.038555,121.5218006,1,1
內湖區,2470,2470,國民小學,403604,市立東湖國小,臺北市,[114]臺北市內湖區東湖里東湖路115號,(02)26339984,,121.615782,25.06854,25.0690833,121.616145,1,1
文山區,2438,2438,國民小學,381601,私立靜心小學,臺北市,[116]臺北市文山區興福里興隆路2段46號,(02)29323118,,121.546673,24.99896,24.9985757,121.5470355,1,1
北投區,2503,2503,國民小學,423603,市立石牌國小,臺北市,[112]臺北市北投區吉利里致遠二路80號,(02)28227484,,121.511745,25.11569,25.1156862,121.5117748,1,1
松山區,2368,2368,國民小學,313604,市立敦化國小,臺北市,[105]臺北市松山區中正里敦化北路2號,(02)27414065,,121.548541,25.049103,25.0491723,121.5485239,1,1
信義區,2382,2382,國民小學,323609,市立博愛國小,臺北市,[110]臺北市信義區松仁路22鄰95巷20號,(02)23450616,,121.571139,25.036444,25.0395323,121.5675875,1,1
南港區,2460,2460,國民小學,393601,市立南港國小,臺北市,[115]臺北市南港區三重里惠民街67號,(02)27834678,,121.610426,25.057483,25.0574474,121.610126,1,1
萬華區,2425,2425,國民小學,371601,私立光仁小學,臺北市,[108]臺北市萬華區壽德里萬大路423巷15號,(02)23032874,,121.499739,25.021337,25.0216581,121.4995811,1,1
大甲區,746,746,國民小學,64665,市立大甲國小,臺中市,[437]臺中市大甲區文武里育德路233號,(04)26872048,,120.825113,24.505323,24.3511578,120.626394,1,1
大安區,763,763,國民小學,64682,市立大安國小,臺中市,[439]臺中市大安區中庄里中山南路296號,(04)26713166,,120.711465,24.301472,24.3446936,120.5882533,1,1
大肚區,781,781,國民小學,64700,市立大肚國小,臺中市,[432]臺中市大肚區頂街里華山路77號,(04)26992016,,120.535156,24.072469,24.162799,120.543284,1,1
大里區,789,789,國民小學,64708,市立塗城國小,臺中市,[412]臺中市大里區仁德里文化街120號,(04)24922935,,120.82431,24.564225,24.0928822,120.7002666,1,1
大雅區,701,701,國民小學,64620,市立大雅國小,臺中市,[428]臺中市大雅區二和里學府路230號,(04)25667766,,120.677612,24.11118,24.2221578,120.6499832,1,1
中區,2234,2234,國民小學,193601,市立中區光復國小,臺中市,[400]臺中市中區三民路二段148號,(04)22294174,,120.681722,24.143926,24.144027,120.6814649,1,1
太平區,831,831,國民小學,64750,市立新平國小,臺中市,[411]臺中市太平區樹孝路336巷9號,(04)23914533,,120.757675,24.557486,24.1547749,120.719806,1,1
北屯區,2293,2293,國民小學,193660,市立仁美國小,臺中市,[406]臺中市北屯區崇德路三段568號,(04)24211136,,120.686824,24.192226,24.1917963,120.686661,1,1
北區,2287,2287,國民小學,193654,市立賴厝國小,臺中市,[404]臺中市北區漢口路四段168號,(04)22302388,,120.678705,24.166536,24.1669163,120.6786554,1,1
外埔區,711,711,國民小學,64630,市立外埔國小,臺中市,[438]臺中市外埔區大同里外埔路878號,(04)26832865,,120.827271,24.260237,24.3323455,120.6536055,1,1
后里區,690,690,國民小學,64609,市立內埔國小,臺中市,[421]臺中市后里區文化路30號,(04)25562003,,120.710025,24.21244,24.3070668,120.714965,1,1
西屯區,2257,2257,國民小學,193624,市立西屯區永安國小,臺中市,[407]臺中市西屯區西屯路三段133號,(04)24624470,,120.624741,24.184434,24.1848454,120.6250818,1,1
西區,2277,2277,國民小學,193644,市立大勇國小,臺中市,[403]臺中市西區忠明南路515號,(04)23755959,,120.657802,24.134485,24.1344203,120.6575022,1,1
沙鹿區,759,759,國民小學,64678,市立北勢國小,臺中市,[433]臺中市沙鹿區六路里南陽路376號,(04)26315032,,120.704019,24.239767,24.2169017,120.5715525,1,1
東區,2239,2239,國民小學,193606,市立力行國小,臺中市,[401]臺中市東區進化路223號,(04)23604412,,120.693933,24.150695,24.1507852,120.6941854,1,1
東勢區,716,716,國民小學,64635,市立東勢國小,臺中市,[423]臺中市東勢區廣興里第五橫街1號,(04)25873442,,120.990551,24.765726,24.2585211,120.8315558,1,1
南屯區,2289,2289,國民小學,193656,市立惠文國小,臺中市,[408]臺中市南屯區公益路二段300號,(04)22596907,,120.638105,24.152165,24.1516645,120.6383031,1,1
南區,2290,2290,國民小學,193657,市立樹義國小,臺中市,[402]臺中市南區福田路11號,(04)22657298,,120.657403,24.11197,24.1114904,120.6573105,1,1
烏日區,824,824,國民小學,64743,市立九德國小,臺中市,[414]臺中市烏日區長春街300號,(04)23366540,,120.708963,24.559298,24.1096853,120.6384379,1,1
神岡區,698,698,國民小學,64617,市立社口國小,臺中市,[429]臺中市神岡區社南里社南街136號,(04)25626834,,120.719165,24.079751,24.2449585,120.6860126,1,1
梧棲區,838,838,國民小學,64757,市立大德國小,臺中市,[435]臺中市梧棲區大村里文昌路343號,(04)26568928,,120.935011,24.686117,24.2435748,120.5426484,1,1
清水區,733,733,國民小學,64652,市立清水國小,臺中市,[436]臺中市清水區光華路125號,(04)26222004,,121.005699,24.830828,24.2671062,120.5734521,1,1
潭子區,841,841,國民小學,64760,市立頭家國小,臺中市,[427]臺中市潭子區得福街185號,(04)25325532,,120.912928,24.675119,24.1970044,120.6961749,1,1
龍井區,773,773,國民小學,64692,市立龍峰國小,臺中市,[434]臺中市龍井區新庄里中沙路2號,(04)26314707,,120.64383,24.229084,24.1795566,120.5760346,1,1
豐原區,684,684,國民小學,64603,市立南陽國小,臺中市,[420]臺中市豐原區中陽里南陽路440號,(04)25222521,,120.529644,24.184333,24.2483824,120.722747,1,1
霧峰區,793,793,國民小學,64712,市立霧峰國小,臺中市,[413]臺中市霧峰區中正路736號,(04)23393069,,120.827259,24.572949,24.0569376,120.6978555,1,1
大甲區,752,752,國民小學,64671,市立東明國小,臺中市,[437]臺中市大甲區幸福里東明路93號,(04)26814404,偏遠,120.721218,24.255394,24.3747868,120.6804875,1,0
大安區,766,766,國民小學,64685,市立大安區永安國小,臺中市,[439]臺中市大安區永安里東西四路252號,(04)26874931,偏遠,120.660782,24.258379,24.3822593,120.606247,1,0
太平區,808,808,國民小學,64727,市立頭汴國小,臺中市,[411]臺中市太平區頭汴里北田路20號,(04)22703129#82,,120.785795,24.464505,24.1230988,120.7514622,1,0
北屯區,2270,2270,國民小學,193637,市立北屯區大坑國小,臺中市,[406]臺中市北屯區東山路二段112號,(04)22390748,偏遠,120.748181,24.195971,24.1963669,120.7478171,1,0
外埔區,713,713,國民小學,64632,市立鐵山國小,臺中市,[438]臺中市外埔區鐵山里長生路576號,(04)26835033,偏遠,120.716408,24.112971,24.3490012,120.6567071,1,0
石岡區,724,724,國民小學,64643,市立石岡國小,臺中市,[422]臺中市石岡區石岡里石岡街123號,(04)25723006,,121.208948,24.677794,24.2764836,120.7739314,1,0
沙鹿區,761,761,國民小學,64680,市立公館國小,臺中市,[433]臺中市沙鹿區西勢里中航路2段1號,(04)26154353,,120.729432,24.309983,24.2604779,120.5956488,1,0
東勢區,719,719,國民小學,64638,市立東勢區成功國小,臺中市,[423]臺中市東勢區慶東里東關路298號,(04)25852040,偏遠,121.020433,24.689114,24.2079072,120.8396209,1,0
清水區,740,740,國民小學,64659,市立大楊國小,臺中市,[436]臺中市清水區楊厝里鱉海路325號,(04)26200634,偏遠,120.911789,24.694785,24.2894947,120.6056064,1,0
新社區,726,726,國民小學,64645,市立新社國小,臺中市,[426]臺中市新社區新社里興社街4段1巷2號,(04)25811204,,121.301204,24.660115,24.2407254,120.8096693,1,0
龍井區,771,771,國民小學,64690,市立龍港國小,臺中市,[434]臺中市龍井區麗水里三港路1號,(04)26395586,偏遠,120.651106,24.222238,24.1984604,120.50125,1,0
霧峰區,830,830,國民小學,64749,市立吉峰國小,臺中市,[413]臺中市霧峰區吉峰里民生路349號,(04)23300893,,120.727834,24.425579,24.0797509,120.7188512,1,0
臺東市,1925,1925,國民小學,140601,國立臺東大學附小,臺東縣,[950]臺東縣臺東市博愛路345號,(089)322047,偏遠,120.719029,23.128565,22.755107,121.147499,1,1
池上鄉,1972,1972,國民小學,144651,縣立福原國小,臺東縣,[958]臺東縣池上鄉福原村中華路17號,(089)862017,偏遠,120.458658,22.570627,23.1248912,121.2155234,1,0
卑南鄉,1951,1951,國民小學,144627,縣立大南國小,臺東縣,[954]臺東縣卑南鄉東興村東園一街40號,(089)382402,偏遠,120.498791,22.669079,22.7641509,121.0433657,1,0
海端鄉,2005,2005,國民小學,144695,縣立初來國小,臺東縣,[957]臺東縣海端鄉海端村七鄰5號,(08)9931049,偏遠,120.629386,22.322624,23.1305611,121.1756856,1,0
關山鎮,1970,1970,國民小學,144649,縣立德高國小,臺東縣,[956]臺東縣關山鎮德高里7鄰永豐16號,(08)9931149,偏遠,120.480252,22.562159,23.0738293,121.1777501,1,0
馬公市,2151,2151,國民小學,164645,縣立文澳國小,澎湖縣,[880]澎湖縣馬公市西文里文學路221號,(06)9212412,偏遠,119.583207,23.564518,23.5652977,119.5830328,1,1
馬公市,2124,2124,國民小學,164609,縣立五德國小,澎湖縣,[880]澎湖縣馬公市五德里32號,(06)9951327,偏遠,119.590752,23.527648,23.5267315,119.5876075,1,0
湖西鄉,2130,2130,國民小學,164616,縣立湖西國小,澎湖縣,[885]澎湖縣湖西鄉湖西村151號,(06)9921008,偏遠,119.662177,23.584355,23.5823171,119.6571596,1,0
金城鎮,2607,2607,國民小學,714603,縣立中正國小,金門縣,[893]金門縣金城鎮珠浦北路38號,(082)325645,,118.316875,24.434782,24.4341414,118.3168436,1,0
金湖鎮,2605,2605,國民小學,714601,縣立金湖國小,金門縣,[891]金門縣金湖鎮新市里林森路12號,(082)335977,,118.415547,24.442807,24.4426125,118.4151678,1,0
金寧鄉,2618,2618,國民小學,714614,縣立金鼎國小,金門縣,[892]金門縣金寧鄉盤山村下堡123號,(082)325700,偏遠,118.337847,24.447709,24.4467932,118.3432727,1,0
七股區,1523,1523,國民小學,114691,市立大文國小,臺南市,[724]臺南市七股區大寮里36之2號,(06)7872730,偏遠,120.451251,23.707508,23.1457093,120.1524351,1,1
中西區,2318,2318,國民小學,210601,國立臺南大學附小,臺南市,[700]臺南市中西區樹林街二段31號,(06)2132566,,120.208999,22.985972,22.9861819,120.2094693,1,1
仁德區,1441,1441,國民小學,114601,市立仁德國小,臺南市,[717]臺南市仁德區中正路二段806號,(06)2794570,,120.927625,23.562256,22.9620834,120.2537851,1,1
北區,2361,2361,國民小學,213642,市立文元國小,臺南市,[704]臺南市北區海安路三段815號,(06)3584371,,120.199951,23.015355,23.0154281,120.2000907,1,1
永康區,1461,1461,國民小學,114623,市立永康國小,臺南市,[710]臺南市永康區永康里中山南路637號,(06)2324462,,121.148787,24.028052,23.0265964,120.2550815,1,1
安平區,2363,2363,國民小學,213644,市立億載國小,臺南市,[708]臺南市安平區郡平路310號,(06)2932371,,120.16373,22.989998,22.9897575,120.1637581,1,1
安定區,1493,1493,國民小學,114657,市立南安國小,臺南市,[745]臺南市安定區南安里62號,(06)5922023,,120.586479,23.687007,23.1052556,120.2267506,1,1
安南區,2347,2347,國民小學,213628,市立海東國小,臺南市,[709]臺南市安南區安中路三段381號,(06)2567146,,120.174806,23.049024,23.0482152,120.1753024,1,1
佳里區,1503,1503,國民小學,114668,市立佳里國小,臺南市,[722]臺南市佳里區安西里公園路445號,(06)7222031,,120.511312,23.657424,23.1642878,120.1726507,1,1
柳營區,1578,1578,國民小學,114758,市立柳營國小,臺南市,[736]臺南市柳營區士林里柳營路一段755號,(06)6222124,,120.278605,23.622545,23.2753735,120.3126116,1,1
麻豆區,1495,1495,國民小學,114659,市立麻豆國小,臺南市,[721]臺南市麻豆區東角里文昌路18號,(06)5722145,,120.578893,23.764445,23.1859269,120.2529393,1,1
善化區,1486,1486,國民小學,114650,市立大成國小,臺南市,[741]臺南市善化區大成路385號,(06)5837520,,120.60786,23.611958,23.1290531,120.294829,1,1
新化區,1468,1468,國民小學,114630,市立新化國小,臺南市,[712]臺南市新化區中山路173號,(06)5902035,,120.552557,23.679231,23.0376479,120.311004,1,1
新市區,1490,1490,國民小學,114654,市立新市國小,臺南市,[744]臺南市新市區中興街1號,(06)5992895,,120.537411,23.611904,23.0785233,120.2954261,1,1
新營區,1554,1554,國民小學,114728,市立新營國小,臺南市,[730]臺南市新營區中正路4號,(06)6322136,,120.464223,23.748017,23.3064753,120.3174915,1,1
歸仁區,1597,1597,國民小學,114778,市立文化國小,臺南市,[711]臺南市歸仁區文化街二段136號,(06)3301666,,120.151769,23.633752,22.9711829,120.2893318,1,1
關廟區,1454,1454,國民小學,114614,市立五甲國小,臺南市,[718]臺南市關廟區和平路246號,(06)5952155,,121.189337,24.148298,22.9584949,120.3338947,1,1
鹽水區,1563,1563,國民小學,114737,市立鹽水國小,臺南市,[737]臺南市鹽水區朝琴路137號,(06)6521046,,120.398845,23.767098,23.3227,120.271058,1,1
七股區,1515,1515,國民小學,114681,市立七股國小,臺南市,[724]臺南市七股區大埕里395號,(06)7872076,,120.459585,23.64732,23.1453614,120.144496,1,0
下營區,1545,1545,國民小學,114716,市立東興國小,臺南市,[735]臺南市下營區新興里東興一街112號,(06)6892478,,120.204089,23.6757,23.2393524,120.2673518,1,0
山上區,1472,1472,國民小學,114635,市立山上國小,臺南市,[743]臺南市山上區南洲里42號,(06)5781203,,120.537611,23.674139,23.0958254,120.3478746,1,0
安南區,2351,2351,國民小學,213632,市立鎮海國小,臺南市,[709]臺南市安南區大眾路381號,(06)2841700,偏遠,120.134458,23.019061,23.0190055,120.1341692,1,0
西港區,1510,1510,國民小學,114675,市立西港國小,臺南市,[723]臺南市西港區進學街60號,(06)7952005,,120.492942,23.764036,23.1228784,120.1994959,1,0
佳里區,1506,1506,國民小學,114671,市立塭內國小,臺南市,[722]臺南市佳里區龍安里40號,(06)7891054,偏遠,120.498563,23.757136,23.1297701,120.1675902,1,0
東山區,1591,1591,國民小學,114771,市立聖賢國小,臺南市,[733]臺南市東山區聖賢里田尾29號,(06)6353170,偏遠,120.336161,23.658573,23.306869,120.362123,1,0
南區,2330,2330,國民小學,213611,市立龍崗國小,臺南市,[702]臺南市南區鯤鯓里鯤鯓路147號,(06)2620024,偏遠,120.169558,22.961379,22.961461,120.1694619,1,0
後壁區,1585,1585,國民小學,114765,市立安溪國小,臺南市,[731]臺南市後壁區長安里5號,(06)6361535,偏遠,120.328302,23.636928,23.3347501,120.3594043,1,0
柳營區,1580,1580,國民小學,114760,市立重溪國小,臺南市,[736]臺南市柳營區重溪里義士路二段2號,(06)6231824,,120.284816,23.555987,23.2856412,120.3642035,1,0
將軍區,1526,1526,國民小學,114694,市立漚汪國小,臺南市,[725]臺南市將軍區長榮里4號,(06)7942012,,120.433718,23.703392,23.1900666,120.161817,1,0
麻豆區,1500,1500,國民小學,114664,市立北勢國小,臺南市,[721]臺南市麻豆區北勢里15號,(06)5722844,偏遠,120.479492,23.680296,23.2064745,120.2368486,1,0
善化區,1489,1489,國民小學,114653,市立小新國小,臺南市,[741]臺南市善化區小新里97之3號,(06)5837019,,120.574737,23.596448,23.1309463,120.3336151,1,0
新化區,1470,1470,國民小學,114632,市立口埤實驗小學,臺南市,[712]臺南市新化區知義里口埤88號,(06)5901445,偏遠,120.5393,23.70783,23.0251369,120.3487078,1,0
新市區,1491,1491,國民小學,114655,市立大社國小,臺南市,[744]臺南市新市區大社里39號,(06)5991593,,120.618385,23.641955,23.0903938,120.3291365,1,0
新營區,1561,1561,國民小學,114735,市立土庫國小,臺南市,[730]臺南市新營區土庫里71之1號,(06)6362323,偏遠,120.413967,23.817097,23.3202733,120.3392266,1,0
學甲區,1540,1540,國民小學,114710,市立東陽國小,臺南市,[726]臺南市學甲區華宗路260號,(06)7833322,,120.284993,23.682871,23.22875,120.1838484,1,0
龍崎區,1460,1460,國民小學,114620,市立龍崎國小,臺南市,[719]臺南市龍崎區崎頂里新市子41號,(06)5941204,偏遠,121.192195,24.059516,22.966918,120.359124,1,0
關廟區,1457,1457,國民小學,114617,市立文和國小,臺南市,[718]臺南市關廟區布袋里長文街37號,(06)5551937,偏遠,121.186213,24.035074,22.919336,120.3473046,1,0
鹽水區,1564,1564,國民小學,114738,市立歡雅國小,臺南市,[737]臺南市鹽水區歡雅里31號,(06)6552558,,120.347004,23.758683,23.2869972,120.2368486,1,0
南區,2332,2332,國民小學,213613,市立永華國小,臺南市,[702]臺南市南區中華西路一段2巷17號,(06)2641457,,120.186984,22.964293,22.9637029,120.1865679,1,1
東區,2325,2325,國民小學,213606,市立崇學國小,臺南市,[701]臺南市東區崇學路98號,(06)2689951,,120.223351,22.979564,22.9794998,120.2232004,1,1
五結鄉,261,261,國民小學,24649,縣立五結國小,宜蘭縣,[268]宜蘭縣五結鄉國民路1號,(03)9507272,,121.763212,24.72447,24.6887633,121.8050125,1,1
冬山鄉,266,266,國民小學,24654,縣立冬山國小,宜蘭縣,[269]宜蘭縣冬山鄉安平村安中路35號,(03)9593504,,121.766365,24.679607,24.6324953,121.7899271,1,1
宜蘭市,222,222,國民小學,24608,縣立黎明國小,宜蘭縣,[260]宜蘭縣宜蘭市校舍路1號,(03)9383792,,121.455404,25.051403,24.7519701,121.7642722,1,1
員山鄉,248,248,國民小學,24634,縣立員山國小,宜蘭縣,[264]宜蘭縣員山鄉員山村復興路39號,(03)9224061,,121.656845,25.060713,24.7442688,121.7228779,1,1
頭城鎮,237,237,國民小學,24623,縣立頭城國小,宜蘭縣,[261]宜蘭縣頭城鎮開蘭路282號,(03)9771011,,121.627219,25.06872,24.8629826,121.8273255,1,1
礁溪鄉,243,243,國民小學,24629,縣立礁溪國小,宜蘭縣,[262]宜蘭縣礁溪鄉大忠村礁溪路四段135號,(03)9882047,,121.419406,25.160305,24.8214103,121.7695196,1,1
羅東鎮,226,226,國民小學,24612,縣立公正國小,宜蘭縣,[265]宜蘭縣羅東鎮公正路199號,(03)9566659,,121.470993,25.091454,24.6792949,121.7666654,1,1
蘇澳鎮,230,230,國民小學,24616,縣立馬賽國小,宜蘭縣,[270]宜蘭縣蘇澳鎮永榮里大同路108號,(03)9902694,,121.447991,25.056275,24.6215957,121.8345477,1,1
三星鄉,274,274,國民小學,24662,縣立大洲國小,宜蘭縣,[266]宜蘭縣三星鄉大洲村上將路二段500號,(03)9551547,,121.868385,24.578911,24.694068,121.727853,1,0
大同鄉,278,278,國民小學,24668,縣立四季國小,宜蘭縣,[267]宜蘭縣大同鄉四季村和勳巷1號,(03)9809312,特偏,121.82063,24.825164,24.4880169,121.4260099,1,0
冬山鄉,2636,2636,附設國民小學,24325,縣立慈心華德福實中附設國小,宜蘭縣,[269]宜蘭縣冬山鄉照安路257號,(039)596222,,121.794986,24.626305,24.6263853,121.7947056,1,0
壯圍鄉,2635,2635,附設國民小學,21310,私立中道高中附設國小,宜蘭縣,[263]宜蘭縣壯圍鄉功勞村中央路三段312巷7號,(03)9306696,,121.793369,24.758948,24.7596509,121.7931918,1,0
員山鄉,254,254,國民小學,24640,縣立內城國(中)小,宜蘭縣,[264]宜蘭縣員山鄉內城村內城路545號,(03)9221846,,121.44451,25.186023,24.7188831,121.6875013,1,0
頭城鎮,238,238,國民小學,24624,縣立竹安國小,宜蘭縣,[261]宜蘭縣頭城鎮竹安里頭濱路一段601號,(03)9771178,,121.37852,24.929829,24.825115,121.820763,1,0
礁溪鄉,246,246,國民小學,24632,縣立玉田國小,宜蘭縣,[262]宜蘭縣礁溪鄉茅埔路24號,(03)9882461,,121.463854,25.089298,24.796754,121.790642,1,0
蘇澳鎮,233,233,國民小學,24619,縣立永樂國小,宜蘭縣,[270]宜蘭縣蘇澳鎮永樂路1號,(03)9962840,偏遠,121.543895,24.973708,24.575659,121.8441739,1,0
竹山鎮,1064,1064,國民小學,84642,縣立竹山國小,南投縣,[557]南投縣竹山鎮延和里向學街32號,(049)2642016,,120.431277,24.000544,23.7611494,120.6873067,1,1
南投市,1024,1024,國民小學,84601,縣立南投國小,南投縣,[540]南投縣南投市彰南路一段1059號,(049)2222038,,120.501859,24.088074,23.906437,120.6851036,1,1
埔里鎮,1039,1039,國民小學,84616,縣立南光國小,南投縣,[545]南投縣埔里鎮中正路251號,(049)2982025,,120.480191,24.08795,23.9614839,120.9709862,1,1
草屯鎮,1057,1057,國民小學,84635,縣立炎峰國小,南投縣,[542]南投縣草屯鎮中興路101號,(049)2333221,,120.483448,23.963797,23.9744837,120.684487,1,1
中寮鄉,1102,1102,國民小學,84682,縣立至誠國小,南投縣,[541]南投縣中寮鄉永平路489之1號,(049)2227215,,120.498949,22.724187,23.8937369,120.7196602,1,0
名間鄉,2639,2639,附設國民小學,81313,私立弘明實驗高中附設國小,南投縣,[551]南投縣名間鄉東湖村大老巷102號,(049)2731799,,120.698142,23.859393,23.8572746,120.6963621,1,0
竹山鎮,1070,1070,國民小學,84648,縣立秀林國小,南投縣,[557]南投縣竹山鎮頂林路456號,(049)2647285,,120.513079,23.942067,23.7332782,120.6890487,1,0
南投市,1036,1036,國民小學,84613,縣立光復國小,南投縣,[540]南投縣南投市光明里光明一路67號,(049)2332587,,120.444279,24.083928,23.9418468,120.7019642,1,0
埔里鎮,1043,1043,國民小學,84620,縣立溪南國小,南投縣,[545]南投縣埔里鎮溪南里珠生路68號,(049)2904517,,120.437273,24.044033,23.9487349,120.9526015,1,0
草屯鎮,1055,1055,國民小學,84633,縣立土城國小,南投縣,[542]南投縣草屯鎮土城里中正路189號,(049)2552024,,120.497999,23.954129,23.9848401,120.7428993,1,0
吉安鄉,2033,2033,國民小學,154620,縣立北昌國小,花蓮縣,[973]花蓮縣吉安鄉北昌村自強路533號,(03)8562619,,121.592085,23.987103,23.9871156,121.5920417,1,1
秀林鄉,2094,2094,國民小學,154689,縣立水源國小,花蓮縣,[972]花蓮縣秀林鄉水源村111號,(03)8570781,,121.556867,24.003331,23.9790352,121.5687672,1,1
花蓮市,2016,2016,國民小學,154602,縣立明義國小,花蓮縣,[970]花蓮縣花蓮市明義街107號,(03)8326686,,120.649284,22.527948,23.9788704,121.6036931,1,1
新城鄉,2028,2028,國民小學,154615,縣立北埔國小,花蓮縣,[971]花蓮縣新城鄉北埔路170號,(03)8264624,,121.605392,24.032095,24.0318043,121.6048396,1,1
秀林鄉,2090,2090,國民小學,154685,縣立景美國小,花蓮縣,[972]花蓮縣秀林鄉景美村加灣112號,(03)8266707,,121.605871,24.082571,24.0828943,121.6065339,1,0
富里鄉,2082,2082,國民小學,154677,縣立學田國小,花蓮縣,[983]花蓮縣富里鄉學田村光明路1號,(03)8831324,偏遠,121.227145,23.155448,23.154973,121.2279077,1,0
內埔鄉,1817,1817,國民小學,134662,縣立內埔國小,屏東縣,[912]屏東縣內埔鄉內埔村廣濟路2號,(08)7792055,偏遠,120.384143,22.616353,22.6101172,120.5656623,1,1
竹田鄉,1829,1829,國民小學,134674,縣立竹田國小,屏東縣,[911]屏東縣竹田鄉竹田村公正路35號,(08)7710834,偏遠,120.445966,22.740507,22.582961,120.5435487,1,1
東港鎮,1920,1920,國民小學,134783,縣立東光國小,屏東縣,[928]屏東縣東港鎮興東里長春二路15號,(08)8324927,,120.721363,23.27634,22.4689225,120.4595788,1,1
林邊鄉,1860,1860,國民小學,134706,縣立崎峰國小,屏東縣,[927]屏東縣林邊鄉崎峰村裕後路2號,(08)8752400,偏遠,120.324142,22.849101,22.4263309,120.4925462,1,1
長治鄉,1786,1786,國民小學,134628,縣立長興國小,屏東縣,[908]屏東縣長治鄉新潭村潭頭路50號,(08)7368567,,120.446961,23.265946,22.677134,120.5261845,1,1
南州鄉,1864,1864,國民小學,134710,縣立溪北國小,屏東縣,[926]屏東縣南州鄉溪北村仁里路102號,(08)8642081,偏遠,120.230428,22.862524,22.4952536,120.5110353,1,1
屏東市,1760,1760,國民小學,134602,縣立仁愛國小,屏東縣,[900]屏東縣屏東市興樂里仁愛路98號,(08)7361114,,120.265777,23.316089,22.6767807,120.4944621,1,1
恆春鎮,1871,1871,國民小學,134717,縣立恆春國小,屏東縣,[946]屏東縣恆春鎮城北里北門路39巷26號,(08)8892035,特偏,120.22562,22.895606,22.0058603,120.7464532,1,1
崁頂鄉,1854,1854,國民小學,134700,縣立崁頂國小,屏東縣,[924]屏東縣崁頂鄉崁頂村中正路119號,(08)8631959,偏遠,120.358101,22.753304,22.5135841,120.5120381,1,1
新園鄉,1846,1846,國民小學,134692,縣立仙吉國小,屏東縣,[932]屏東縣新園鄉仙吉村仙吉路91號,(08)8681087,偏遠,120.311738,22.751056,22.5441251,120.4613494,1,1
萬丹鄉,1775,1775,國民小學,134617,縣立萬丹國小,屏東縣,[913]屏東縣萬丹鄉寶厝村萬新路1497號,(08)7772014,,120.329527,23.290136,22.5825849,120.4890535,1,1
潮州鎮,1809,1809,國民小學,134653,縣立光華國小,屏東縣,[920]屏東縣潮州鎮光華里南進路2號,(08)7882105,,120.349678,22.617193,22.5476357,120.5430712,1,1
麟洛鄉,1782,1782,國民小學,134624,縣立麟洛國小,屏東縣,[909]屏東縣麟洛鄉麟趾村中華路86號,(08)7221670,,120.309609,23.372673,22.647738,120.5227752,1,1
九如鄉,1783,1783,國民小學,134625,縣立九如國小,屏東縣,[904]屏東縣九如鄉九如路二段3-1號,(08)7392159,,120.377791,23.32927,22.7279847,120.4886733,1,0
林邊鄉,1857,1857,國民小學,134703,縣立林邊國小,屏東縣,[927]屏東縣林邊鄉林邊村中山路68號,(08)8752120,偏遠,120.379031,22.877747,22.4324712,120.5184664,1,0
長治鄉,1788,1788,國民小學,134630,縣立德協國小,屏東縣,[908]屏東縣長治鄉德成村中興路551號,(08)7621844,,120.386354,23.294672,22.6931331,120.5414936,1,0
屏東市,1765,1765,國民小學,134607,縣立凌雲國小,屏東縣,[900]屏東縣屏東市鵬程里光大巷61號,(08)7659025,,120.413833,23.35245,22.6649069,120.4460586,1,0
恆春鎮,1875,1875,國民小學,134722,縣立水泉國小,屏東縣,[946]屏東縣恆春鎮水泉里頂泉路1號,(08)8866208,特偏,120.182354,22.91319,21.9402976,120.7325618,1,0
新埤鄉,1834,1834,國民小學,134679,縣立萬隆國小,屏東縣,[925]屏東縣新埤鄉萬隆村中山路126號,(08)7870191,偏遠,120.357281,22.683088,22.5080592,120.5867603,1,0
萬巒鄉,1815,1815,國民小學,134659,縣立佳佐國小,屏東縣,[923]屏東縣萬巒鄉佳和村佳興路59號,(08)7832018,偏遠,120.395195,22.605277,22.5721996,120.5953438,1,0
公館鄉,575,575,國民小學,54609,縣立公館國小,苗栗縣,[363]苗栗縣公館鄉館中村大同路15號,(037)230103,,121.012591,24.83676,24.499476,120.827779,1,1
竹南鎮,622,622,國民小學,54660,縣立照南國小,苗栗縣,[350]苗栗縣竹南鎮佳興里光復路331號,(037)472633,,120.764553,23.73591,24.6940785,120.8794497,1,1
後龍鎮,637,637,國民小學,54679,縣立後龍國小,苗栗縣,[356]苗栗縣後龍鎮大庄里成功路254號,(037)722049,,120.833669,24.248822,24.6138687,120.7958811,1,1
苑裡鎮,677,677,國民小學,54722,縣立客庄國小,苗栗縣,[358]苗栗縣苑裡鎮客庄里新興路21號,(037)865646,,120.595607,24.260491,24.4396603,120.6548744,1,1
苗栗市,672,672,國民小學,54717,縣立文華國小,苗栗縣,[360]苗栗縣苗栗市文山里正發路133號,(037)354465,,120.561725,24.235147,24.5690721,120.8179242,1,1
銅鑼鄉,581,581,國民小學,54616,縣立銅鑼國小,苗栗縣,[366]苗栗縣銅鑼鄉福興村文化街1號,(037)981013,,120.955037,24.850843,24.4895462,120.7905951,1,1
頭份市,670,670,國民小學,54715,縣立建國國小,苗栗縣,[351]苗栗縣頭份市建國路80號,(037)665905,,120.62847,24.4203,24.6952504,120.9121915,1,1
後龍鎮,640,640,國民小學,54683,縣立龍坑國小,苗栗縣,[356]苗栗縣後龍鎮龍坑里158號,(037)722027,,120.773309,24.276058,24.596959,120.7838403,1,0
苑裡鎮,595,595,國民小學,54631,縣立藍田國小,苗栗縣,[358]苗栗縣苑裡鎮泰田里3鄰62號,(037)743504,,120.666443,23.66404,24.3932566,120.6918803,1,0
苗栗市,572,572,國民小學,54606,縣立新英國小,苗栗縣,[360]苗栗縣苗栗市南勢里新勝8號,(037)320715,,121.121791,24.661759,24.527361,120.795573,1,0
通霄鎮,599,599,國民小學,54635,縣立通霄國小,苗栗縣,[357]苗栗縣通霄鎮通東里中正路12號,(037)752008,,120.656404,23.645963,24.4910234,120.6840122,1,0
造橋鄉,632,632,國民小學,54673,縣立造橋國小,苗栗縣,[361]苗栗縣造橋鄉造橋村十四鄰3號,(037)542686,,120.830337,24.258154,24.6460168,120.8275926,1,0
頭份市,616,616,國民小學,54654,縣立僑善國小,苗栗縣,[351]苗栗縣頭份市中正一路395號,(037)663137,,120.754624,23.728325,24.6860977,120.9348653,1,0
頭屋鄉,573,573,國民小學,54607,縣立頭屋國小,苗栗縣,[362]苗栗縣頭屋鄉頭屋村中山街15號,(037)251071,,121.002174,24.838077,24.575632,120.8505331,1,0
大溪區,354,354,國民小學,34660,市立中興國小,桃園市,[335]桃園市大溪區瑞興里一鄰大鶯路1125號,(03)3801394,偏遠,121.267233,25.10234,24.9251636,121.3100907,1,0
新屋區,402,402,國民小學,34708,市立大坡國小,桃園市,[327]桃園市新屋區大坡里五鄰5號,(03)4768311,,121.215829,24.959418,24.9593212,121.0421102,1,0
楊梅區,389,389,國民小學,34695,市立上湖國小,桃園市,[326]桃園市楊梅區上湖里上湖二路88號,(03)4728925,,121.304675,24.88167,24.9096082,121.0850347,1,0
龍潭區,421,421,國民小學,34727,市立龍源國小,桃園市,[325]桃園市龍潭區高平里深窩子16之1號,(03)4717149,,121.213305,24.896645,24.8255949,121.2118374,1,0
龜山區,335,335,國民小學,34641,市立大坑國小,桃園市,[333]桃園市龜山區大坑路一段850號,(03)3252430,偏遠,121.31022,24.992318,25.0450217,121.314656,1,0
蘆竹區,315,315,國民小學,34621,市立山腳國小,桃園市,[338]桃園市蘆竹區南山路三段440號,(03)3241884,,121.618614,24.660899,25.0885,121.2876667,1,0
觀音區,407,407,國民小學,34713,市立大潭國小,桃園市,[328]桃園市觀音區大潭里濱海路大潭段687號,(03)4732087,偏遠,121.252443,24.940255,25.0219128,121.0586593,1,0
八德區,340,340,國民小學,34646,市立大成國小,桃園市,[334]桃園市八德區廣福路31號,(03)3661155,,121.31482,24.983481,24.9584791,121.2984424,1,1
大園區,318,318,國民小學,34624,市立大園國小,桃園市,[337]桃園市大園區橫峰里中正東路160號,(03)3862030,,121.426309,24.488603,25.0590851,121.2026707,1,1
大溪區,479,479,國民小學,34788,市立仁和國小,桃園市,[335]桃園市大溪區仁和二街50號,(03)3076626,,121.342966,25.005981,24.8984048,121.2762349,1,1
中壢區,467,467,國民小學,34774,市立元生國小,桃園市,[320]桃園市中壢區文化二路161號,(03)4625566#111,,121.30423,25.012763,24.9745384,121.2511461,1,1
平鎮區,376,376,國民小學,34682,市立南勢國小,桃園市,[324]桃園市平鎮區中豐路南勢二段223號,(03)4393724,,121.327594,24.991959,24.913476,121.2106409,1,1
桃園區,301,301,國民小學,34607,市立中山國小,桃園市,[330]桃園市桃園區國際路一段1070號,(03)3603012,,121.799215,24.68719,24.9862844,121.2896827,1,1
新屋區,395,395,國民小學,34701,市立新屋國小,桃園市,[327]桃園市新屋區新生里中正路196號,(03)4772016,,121.266018,24.882887,24.9734606,121.1019361,1,1
楊梅區,461,461,國民小學,34768,市立瑞塘國小,桃園市,[326]桃園市楊梅區瑞溪路二段100號,(03)4316360,,121.315177,24.977023,24.90813,121.1795202,1,1
龍潭區,448,448,國民小學,34755,市立龍星國小,桃園市,[325]桃園市龍潭區中正路269號,(03)4797299,,121.355247,24.661734,24.8626841,121.2175846,1,1
龜山區,465,465,國民小學,34772,市立南美國小,桃園市,[333]桃園市龜山區南美里南上路99號,(03)3126250,,121.320522,25.008907,25.0478314,121.2969385,1,1
蘆竹區,307,307,國民小學,34613,市立南崁國小,桃園市,[338]桃園市蘆竹區羊稠里吉林路160號,(03)3115578,,121.806775,24.629103,25.0503008,121.3011017,1,1
觀音區,413,413,國民小學,34719,市立草漯國小,桃園市,[328]桃園市觀音區草漯里新生路1462號,(03)4830160,,121.25189,24.968061,25.045658,121.1429776,1,1
二崙鄉,1250,1250,國民小學,94688,縣立二崙國小,雲林縣,[649]雲林縣二崙鄉崙東村中興路36號,(05)5982241,,120.691024,23.952585,23.7717116,120.4130466,1,1
大埤鄉,1206,1206,國民小學,94643,縣立大埤國小,雲林縣,[631]雲林縣大埤鄉南和村中正路23號,(05)5912007,,120.376114,23.874441,23.6445964,120.431583,1,1
斗六市,1173,1173,國民小學,94610,縣立公誠國小,雲林縣,[640]雲林縣斗六市鎮北里北平路95號,(05)5322536,,120.610022,23.889497,23.7150829,120.538812,1,1
斗南鎮,1194,1194,國民小學,94631,縣立斗南國小,雲林縣,[630]雲林縣斗南鎮西歧里文昌路150號,(05)5972020,,120.479133,23.844207,23.6808084,120.4790889,1,1
水林鄉,1313,1313,國民小學,94753,縣立水燦林國小,雲林縣,[652]雲林縣水林鄉水北村水林路6號,(05)7852845,,121.075772,22.790805,23.5726297,120.2466527,1,1
北港鎮,1270,1270,國民小學,94708,縣立北辰國小,雲林縣,[651]雲林縣北港鎮新街里成功路30號,(05)7832153,,120.485612,22.748723,23.5773685,120.303016,1,1
西螺鎮,1242,1242,國民小學,94680,縣立文昌國小,雲林縣,[648]雲林縣西螺鎮中興里延平路504號,(05)5862013,,120.94722,24.005062,23.8002332,120.4520814,1,1
虎尾鎮,1212,1212,國民小學,94649,縣立立仁國小,雲林縣,[632]雲林縣虎尾鎮立仁街40號,(05)6322205,,120.409554,23.925389,23.7058661,120.428277,1,1
麥寮鄉,1264,1264,國民小學,94702,縣立麥寮國小,雲林縣,[638]雲林縣麥寮鄉麥津村中山路260號,(05)6932266,,120.751471,22.203353,23.7491612,120.2544243,1,1
莿桐鄉,1200,1200,國民小學,94637,縣立莿桐國小,雲林縣,[647]雲林縣莿桐鄉莿桐村中正路147號,(05)5842065,,120.567506,23.816027,23.757321,120.4986505,1,1
臺西鄉,1238,1238,國民小學,94676,縣立崙豐國小,雲林縣,[636]雲林縣臺西鄉永豐村崙豐路42號,(05)6982142,,120.528452,24.062891,23.7204448,120.2091745,1,1
二崙鄉,1252,1252,國民小學,94690,縣立油車國小,雲林縣,[649]雲林縣二崙鄉港後村港後路60號,(05)5982600,,120.637902,23.90719,23.7952395,120.3917753,1,0
土庫鎮,1221,1221,國民小學,94659,縣立土庫國小,雲林縣,[633]雲林縣土庫鎮順天里中正路69號,(05)6622524,,120.416261,23.875837,23.6753,120.3889897,1,0
大埤鄉,1208,1208,國民小學,94645,縣立仁和國小,雲林縣,[631]雲林縣大埤鄉豐岡村仁和路4號,(05)5912454,,120.419359,23.954087,23.6620108,120.4224396,1,0
斗六市,1167,1167,國民小學,94604,縣立梅林國小,雲林縣,[640]雲林縣斗六市梅林里梅林路256號,(05)5572211,,120.368642,22.337884,23.702307,120.6016593,0,1
斗南鎮,1197,1197,國民小學,94634,縣立重光國小,雲林縣,[630]雲林縣斗南鎮將軍里溫厝1號,(05)5972454,,120.519475,23.814253,23.658028,120.509114,1,0
水林鄉,1312,1312,國民小學,94752,縣立和安國小,雲林縣,[652]雲林縣水林鄉溪漧村41號,(05)7853932,特偏,121.043038,22.764927,23.5723224,120.244847,1,0
古坑鄉,1175,1175,國民小學,94612,縣立古坑國(中)小,雲林縣,[646]雲林縣古坑鄉朝陽路3號,(05)5821024,,120.61785,23.810772,23.6458289,120.565828,1,0
東勢鄉,1232,1232,國民小學,94670,縣立東勢國小,雲林縣,[635]雲林縣東勢鄉東南村東榮路29巷9號,(05)6991036,,120.345102,23.978273,23.693257,120.2570421,0,1
林內鄉,1189,1189,國民小學,94626,縣立重興國小,雲林縣,[643]雲林縣林內鄉重興村重興路15號,(05)5892044,,120.460179,23.917168,23.7644656,120.5795779,1,0
虎尾鎮,1213,1213,國民小學,94650,縣立大屯國小,雲林縣,[632]雲林縣虎尾鎮東屯里147號,(05)6651284,,120.32034,23.85302,23.7030636,120.3983097,1,0
莿桐鄉,1201,1201,國民小學,94638,縣立饒平國小,雲林縣,[647]雲林縣莿桐鄉饒平村饒平路1號,(05)5842071,,120.490911,23.852997,23.7772576,120.522261,1,0
臺西鄉,1237,1237,國民小學,94675,縣立臺西國小,雲林縣,[636]雲林縣臺西鄉台西村民權路9號,(05)6982045,,120.586997,23.889205,23.7034983,120.2000984,0,1
三民區,2557,2557,國民小學,553611,市立東光國小,高雄市,[807]高雄市三民區黃興路206號,(07)3898338,,120.339722,22.649042,22.648236,120.3389977,1,1
大社區,1641,1641,國民小學,124638,市立大社區大社國小,高雄市,[815]高雄市大社區大社里三民路336號,(07)3511940,,120.250892,22.948728,22.7301145,120.3457145,1,1
大寮區,1621,1621,國民小學,124618,市立永芳國小,高雄市,[831]高雄市大寮區永芳里鳳林三路499號,(07)7812814,,120.75402,23.492485,22.6056213,120.3949833,1,1
小港區,2600,2600,國民小學,613610,市立漢民國小,高雄市,[812]高雄市小港區漢民路500號,(07)8036569,,120.359186,22.566704,22.5666762,120.3590778,1,1
仁武區,1739,1739,國民小學,124744,市立登發國小,高雄市,[814]高雄市仁武區仁和里仁忠路191號,(07)3726033,,120.267177,23.238956,22.6798888,120.354344,1,1
左營區,2535,2535,國民小學,533610,市立福山國小,高雄市,[813]高雄市左營區重愛路99號,(07)3487633,,120.317215,22.683573,22.6837453,120.3173618,1,1
永安區,1736,1736,國民小學,124741,市立維新國小,高雄市,[828]高雄市永安區維新路光明九巷69之10號,(07)6913816,,120.276394,23.213299,22.8035549,120.2523997,1,1
岡山區,1740,1740,國民小學,124745,市立竹圍國小,高雄市,[820]高雄市岡山區竹圍里大仁北路1號,(07)6233032,,120.350282,23.225895,22.8027494,120.3028676,1,1
林園區,1616,1616,國民小學,124613,市立林園國小,高雄市,[832]高雄市林園區林園里忠孝西路20號,(07)6412125,,120.669051,23.556274,22.5070172,120.3931432,1,1
前金區,2565,2565,國民小學,573601,市立前金國小,高雄市,[801]高雄市前金區大同二路61號,(07)2829001,,120.293922,22.626351,22.6264158,120.2938711,1,1
前鎮區,2584,2584,國民小學,593610,市立瑞祥國小,高雄市,[806]高雄市前鎮區班超路20號,(07)7221212,,120.326798,22.600692,22.6008554,120.3271408,1,1
苓雅區,2571,2571,國民小學,583605,市立四維國小,高雄市,[802]高雄市苓雅區青年一路103號,(07)3348199,,120.312653,22.623092,22.6231523,120.3133242,1,1
梓官區,1687,1687,國民小學,124687,市立梓官國小,高雄市,[826]高雄市梓官區進學路61號,(07)6193927轉10,,120.224837,23.098691,22.760273,120.264535,1,1
鳥松區,1644,1644,國民小學,124641,市立仁美國小,高雄市,[833]高雄市鳥松區仁美里學堂路2號,(07)7315633,,120.288178,22.964457,22.6574356,120.3985232,1,1
新興區,2563,2563,國民小學,563603,市立信義國小,高雄市,[800]高雄市新興區中正三路32號,(07)2365163,,120.310999,22.631618,22.6309629,120.3105873,1,1
楠梓區,2538,2538,國民小學,543601,市立楠梓國小,高雄市,[811]高雄市楠梓區楠梓路262號,(07)3511140,,120.328366,22.732233,22.7334219,120.3279184,1,1
路竹區,1667,1667,國民小學,124667,市立路竹國小,高雄市,[821]高雄市路竹區竹南里中山路712巷16號,(07)6969920,,120.458712,23.121248,22.8563263,120.2593858,1,1
鼓山區,2524,2524,國民小學,523606,市立龍華國小,高雄市,[804]高雄市鼓山區大順一路858號,(07)5553086,,120.29767,22.655044,22.6552521,120.298411,1,1
旗山區,1691,1691,國民小學,124691,市立旗山區鼓山國小,高雄市,[842]高雄市旗山區延平一路111號,(07)6612051,,120.266083,23.187542,22.8985075,120.4825914,1,1
鳳山區,1614,1614,國民小學,124611,市立新甲國小,高雄市,[830]高雄市鳳山區新強里新富路255號,(07)7668170,,120.665002,23.540034,22.6129724,120.34024,1,1
橋頭區,1748,1748,國民小學,124753,市立橋頭國小,高雄市,[825]高雄市橋頭區橋頭里樹德路200號,(07)6126011,,120.31637,23.30654,22.7613901,120.3059129,1,1
燕巢區,1656,1656,國民小學,124654,市立燕巢國小,高雄市,[824]高雄市燕巢區東燕里中華路177號,(07)6161495,,120.267321,23.00542,22.7955552,120.3659035,1,1
彌陀區,1684,1684,國民小學,124684,市立彌陀國小,高雄市,[827]高雄市彌陀區彌靖里中正路213號,(07)6176300,,120.295674,23.078967,22.7839098,120.2479416,1,1
鹽埕區,2517,2517,國民小學,513602,市立鹽埕區忠孝國小,高雄市,[803]高雄市鹽埕區大智路71號,(07)5514887,,120.285159,22.621585,22.621541,120.2851186,1,1
大社區,1642,1642,國民小學,124639,市立嘉誠國小,高雄市,[815]高雄市大社區嘉誠里嘉誠路22號,(07)3560418,偏遠,120.230314,22.945296,22.7482648,120.3801193,1,0
大寮區,1623,1623,國民小學,124620,市立忠義國小,高雄市,[831]高雄市大寮區忠義里忠義路1號,(07)7812858,,120.750028,23.575863,22.616612,120.384367,1,0
大樹區,1630,1630,國民小學,124627,市立九曲國小,高雄市,[840]高雄市大樹區九曲里九曲路498號,(07)6512541,,120.453581,23.44291,22.6563712,120.4230022,1,0
小港區,2596,2596,國民小學,613606,市立鳳鳴國小,高雄市,[812]高雄市小港區鳳鳴路191號,(07)8714561,,120.357365,22.51549,22.515138,120.3575578,1,0
永安區,1682,1682,國民小學,124682,市立永安國小,高雄市,[828]高雄市永安區永華里永華路49號,(07)6912011,,120.288307,23.153161,22.8156529,120.2243834,1,0
林園區,1620,1620,國民小學,124617,市立汕尾國小,高雄市,[832]高雄市林園區北汕里58巷2號,(07)6412334,,120.749376,23.453204,22.4871992,120.4112756,1,0
阿蓮區,1665,1665,國民小學,124665,市立中路國小,高雄市,[822]高雄市阿蓮區中路里272號,(07)6312325,,120.299006,23.038165,22.8937615,120.2945362,1,0
美濃區,1699,1699,國民小學,124701,市立中壇國小,高雄市,[843]高雄市美濃區中壇里忠孝路一段19號,(07)6812534,,120.153228,23.178759,22.883998,120.5303368,1,0
茄萣區,1749,1749,國民小學,124754,市立興達國小,高雄市,[852]高雄市茄萣區崎漏里民治路2號,(07)6988099,,120.306223,23.30545,22.8738614,120.1907921,1,0
湖內區,1675,1675,國民小學,124675,市立明宗國小,高雄市,[829]高雄市湖內區保生路103號,(07)6994682,,120.403942,23.056159,22.9069683,120.2224811,1,0
旗山區,1689,1689,國民小學,124689,市立旗山國小,高雄市,[842]高雄市旗山區湄洲里華中街44號,(07)6612052,,120.253325,23.186292,22.8702492,120.4703258,1,0
旗津區,2589,2589,國民小學,603601,市立旗津國小,高雄市,[805]高雄市旗津區中洲三路623號,(07)5715133,,120.270949,22.608269,22.6084947,120.271917,1,0
燕巢區,1658,1658,國民小學,124656,市立深水國小,高雄市,[824]高雄市燕巢區深水里深中路2號,(07)6152447,偏遠,120.275965,23.018791,22.7722525,120.3900295,1,0
竹北市,564,564,國民小學,44683,縣立興隆國小,新竹縣,[302]新竹縣竹北市文興路88號,(03)6681799,,121.047797,24.825155,24.8166784,121.0153894,1,1
竹東鎮,503,503,國民小學,44621,縣立大同國小,新竹縣,[310]新竹縣竹東鎮莊敬路111號,(03)5961160,,120.728694,24.089575,24.7402914,121.0884096,1,1
湖口鄉,519,519,國民小學,44637,縣立新湖國小,新竹縣,[303]新竹縣湖口鄉民族街222號,(03)5992062,,120.752628,24.083486,24.9056292,121.047373,1,1
新埔鎮,492,492,國民小學,44610,縣立新埔國小,新竹縣,[305]新竹縣新埔鎮中正路366號,(03)5882124,,120.646953,24.094435,24.8280976,121.079169,1,1
新豐鄉,523,523,國民小學,44641,縣立山崎國小,新竹縣,[304]新竹縣新豐鄉新興路291號,(03)5592714,,120.881395,24.16339,24.8719052,120.9986876,1,1
寶山鄉,542,542,國民小學,44660,縣立雙溪國小,新竹縣,[308]新竹縣寶山鄉雙園路二段310號,(03)5202151,,121.3865,25.061333,24.7656321,120.9906294,1,1
竹北市,518,518,國民小學,44636,縣立鳳岡國小,新竹縣,[302]新竹縣竹北市大義里鳳岡路3段200號,(03)5561928,,120.727718,24.104547,24.8613665,120.9643393,1,0
竹東鎮,507,507,國民小學,44625,縣立陸豐國小,新竹縣,[310]新竹縣竹東鎮陸豐里48號,(03)5923697,偏遠,120.667585,24.061075,24.7671961,121.0757883,1,0
芎林鄉,537,537,國民小學,44655,縣立芎林國小,新竹縣,[307]新竹縣芎林鄉文林村四鄰文山路288號,(03)5923184,,121.296979,25.008337,24.7741592,121.0824151,1,0
湖口鄉,520,520,國民小學,44638,縣立和興國小,新竹縣,[303]新竹縣湖口鄉和興村德興路930號,(03)5992094,,120.752287,24.122879,24.9269905,121.0386991,1,0
新豐鄉,536,536,國民小學,44654,縣立埔和國小,新竹縣,[304]新竹縣新豐鄉埔和村466號,(03)5680096,,121.315445,25.018714,24.9272619,120.9962356,1,0
橫山鄉,529,529,國民小學,44647,縣立大肚國小,新竹縣,[312]新竹縣橫山鄉大肚村中豐路二段157號,(03)5932380,,120.908951,24.291388,24.7186538,121.1401462,1,0
關西鎮,483,483,國民小學,44601,縣立關西國小,新竹縣,[306]新竹縣關西鎮西安里中山路126號,(03)5872028,,121.251288,24.974314,24.7918809,121.1752064,1,0
北區,2201,2201,國民小學,183603,市立民富國小,新竹市,[300]新竹市北區西大路561號,(03)5222102,,120.96016,24.8082,24.8084424,120.9605065,1,1
東區,2205,2205,國民小學,183607,市立東園國小,新竹市,[300]新竹市東區園後街25號,(03)5712496,,120.985302,24.800121,24.8000634,120.9851876,1,1
香山區,2213,2213,國民小學,183615,市立香山國小,新竹市,[300]新竹市香山區牛埔東路260號,(03)5386164,,120.944008,24.796344,24.7963336,120.9439558,1,1
東區,2227,2227,國民小學,183630,市立青草湖國小,新竹市,[300]新竹市東區明湖路1211號,(03)5200360,,120.978466,24.768952,24.7685769,120.9780309,1,0
香山區,2220,2220,國民小學,183622,市立內湖國小,新竹市,[300]新竹市香山區內湖路109號,(03)5373184,,120.90636,24.742106,24.7426161,120.9062011,1,0
中埔鄉,1394,1394,國民小學,104684,縣立頂六國小,嘉義縣,[606]嘉義縣中埔鄉金蘭村頂山門25號,(05)2394042,,120.677511,23.981673,23.445647,120.4955304,1,0
六腳鄉,1356,1356,國民小學,104641,縣立六美國小,嘉義縣,[615]嘉義縣六腳鄉六斗村31號,(05)7812708,,120.907612,22.47741,23.5430449,120.2945362,1,0
水上鄉,1386,1386,國民小學,104676,縣立忠和國小,嘉義縣,[608]嘉義縣水上鄉忠和村檳榔樹角35號,(05)2890365,,120.929743,23.998681,23.4251879,120.4471415,1,0
民雄鄉,1338,1338,國民小學,104623,縣立三興國小,嘉義縣,[621]嘉義縣民雄鄉三興村陳厝寮55號,(05)2720042,,121.285041,22.998414,23.5576646,120.4818224,1,0
朴子市,1319,1319,國民小學,104603,縣立雙溪國小,嘉義縣,[613]嘉義縣朴子市雙溪里30號,(05)3795549,偏遠,120.888285,22.339864,23.487724,120.2772325,1,0
竹崎鄉,1408,1408,國民小學,104705,縣立圓崇國小,嘉義縣,[604]嘉義縣竹崎鄉灣橋村387巷28號,(05)2790508,,120.721166,23.809905,23.4905951,120.5036499,1,0
新港鄉,1348,1348,國民小學,104633,縣立新港國小,嘉義縣,[616]嘉義縣新港鄉福德村登雲路105號,(05)3742039,,121.461784,23.341362,23.5555174,120.3459603,1,0
溪口鄉,1347,1347,國民小學,104632,縣立柳溝國小,嘉義縣,[623]嘉義縣溪口鄉柳溝村南靖厝5號,(05)2691071,偏遠,121.428547,23.285694,23.5767497,120.4138115,1,0
義竹鄉,1374,1374,國民小學,104661,縣立義竹國小,嘉義縣,[624]嘉義縣義竹鄉六桂村208號,(05)3412203,,121.622569,23.991018,23.3324379,120.2440609,1,0
中埔鄉,1395,1395,國民小學,104685,縣立和睦國小,嘉義縣,[606]嘉義縣中埔鄉和美村後庄16號,(05)2304511,,120.667892,23.99511,23.453018,120.460212,1,1
六腳鄉,1354,1354,國民小學,104639,縣立蒜頭國小,嘉義縣,[615]嘉義縣六腳鄉蒜頭村188號,(05)3802025,,120.868276,22.294293,23.4964097,120.2930943,1,1
太保市,1381,1381,國民小學,104671,縣立南新國小,嘉義縣,[612]嘉義縣太保市中山路一段140號,(05)2373005,,121.606227,23.971144,23.4970339,120.3835788,1,1
水上鄉,1383,1383,國民小學,104673,縣立水上國小,嘉義縣,[608]嘉義縣水上鄉水上村正義路182號,(05)2682073,,121.607044,23.991964,23.4282253,120.3972979,1,1
民雄鄉,1336,1336,國民小學,104621,縣立民雄國小,嘉義縣,[621]嘉義縣民雄鄉中樂村民族路43號,(05)2262022,,121.292314,22.956452,23.5553437,120.4294085,1,1
朴子市,1318,1318,國民小學,104602,縣立大同國小,嘉義縣,[613]嘉義縣朴子市大同路239號,(05)3792144,,120.941524,22.462403,23.461311,120.2405472,1,1
新港鄉,1350,1350,國民小學,104635,縣立月眉國小,嘉義縣,[616]嘉義縣新港鄉月眉村20鄰123號,(05)3772059,,120.96138,22.595122,23.5175007,120.3637277,1,1
西區,2315,2315,國民小學,203617,市立興嘉國小,嘉義市,[600]嘉義市西區重慶路51號,(05)2860885,,120.43795,23.46525,23.4657748,120.4399094,1,1
東區,2299,2299,國民小學,203601,市立崇文國小,嘉義市,[600]嘉義市東區垂楊路241號,(05)2222310,,120.45285,23.47349,23.4726011,120.4537206,1,1
二林鎮,982,982,國民小學,74736,縣立二林國小,彰化縣,[526]彰化縣二林鎮東和里斗苑路五段22號,(04)8960057,,120.553073,23.46411,23.8997956,120.3716058,1,1
大村鄉,935,935,國民小學,74689,縣立大村國小,彰化縣,[515]彰化縣大村鄉大村村中正西路381號,(04)8522794,,120.312862,23.514795,23.9937736,120.5457238,1,1
北斗鎮,958,958,國民小學,74712,縣立北斗國小,彰化縣,[521]彰化縣北斗鎮新政里文苑路一段32號,(04)8882008,,120.208154,23.30644,23.8754595,120.5233521,1,1
永靖鄉,939,939,國民小學,74693,縣立永靖國小,彰化縣,[512]彰化縣永靖鄉永東村中山路二段65號,(04)8221812,,120.312222,23.500443,23.920611,120.5481571,1,1
田中鎮,944,944,國民小學,74698,縣立田中國小,彰化縣,[520]彰化縣田中鎮南路里中州路177號,(04)8742013,,120.174362,23.471402,23.8580393,120.5874363,1,1
田尾鄉,963,963,國民小學,74717,縣立田尾國小,彰化縣,[522]彰化縣田尾鄉饒平村中山路一段449號,(04)8832745,,120.38373,23.497023,23.8915367,120.5284487,1,1
竹塘鄉,999,999,國民小學,74753,縣立竹塘國小,彰化縣,[525]彰化縣竹塘鄉竹塘村文化街20號,(04)8972039,,120.920679,24.394243,23.8607298,120.4287371,1,1
伸港鄉,881,881,國民小學,74635,縣立新港國小,彰化縣,[509]彰化縣伸港鄉和平路60號,(04)7982310,,120.849485,24.299095,24.1487073,120.4849998,1,1
秀水鄉,903,903,國民小學,74657,縣立明正國小,彰化縣,[504]彰化縣秀水鄉埔崙村彰水路二段341號,(04)7692533,,120.250492,23.411474,24.0266029,120.4931037,1,1
和美鎮,874,874,國民小學,74628,縣立和東國小,彰化縣,[508]彰化縣和美鎮和東里彰美路五段210號,(04)7552724,,120.867647,24.382739,24.1087102,120.5016233,1,1
社頭鄉,950,950,國民小學,74704,縣立社頭國小,彰化縣,[511]彰化縣社頭鄉社頭村社斗路一段258號,(04)8732039,,120.307414,23.411762,23.8974372,120.5866395,1,1
花壇鄉,867,867,國民小學,74621,縣立花壇國小,彰化縣,[503]彰化縣花壇鄉長沙村學前路108號,(04)7862029,,120.761765,24.610127,24.0261919,120.5430352,1,1
員林市,928,928,國民小學,74682,縣立靜修國小,彰化縣,[510]彰化縣員林市南平里靜修路74號,(04)8320341,,120.37158,23.605881,23.962386,120.5655664,1,1
埔心鄉,919,919,國民小學,74673,縣立埔心國小,彰化縣,[513]彰化縣埔心鄉義民村員鹿路二段254號,(04)8291494,,120.434865,23.557668,23.9529477,120.5453823,1,1
埔鹽鄉,915,915,國民小學,74669,縣立好修國小,彰化縣,[516]彰化縣埔鹽鄉好修村員鹿路二段149號,(04)8653555,,120.476683,23.59013,24.0072742,120.4596718,1,1
埤頭鄉,968,968,國民小學,74722,縣立合興國小,彰化縣,[523]彰化縣埤頭鄉合興村文鄉路161號,(04)8922030,,120.447935,23.425847,23.8940744,120.4594322,1,1
鹿港鎮,1015,1015,國民小學,74771,縣立鹿東國小,彰化縣,[505]彰化縣鹿港鎮長安路125號,(04)7756521,,120.543208,24.026315,24.0585567,120.443284,1,1
溪州鄉,973,973,國民小學,74727,縣立溪州國小,彰化縣,[524]彰化縣溪州鄉尾厝村中山路三段451號,(04)8895013,,120.52421,23.423083,23.8527892,120.4974097,1,1
溪湖鎮,909,909,國民小學,74663,縣立湖東國小,彰化縣,[514]彰化縣溪湖鎮湖東里大溪路二段423號,(04)8852062,,120.214091,23.419497,23.9639315,120.4823837,1,1
彰化市,850,850,國民小學,74604,縣立南郭國小,彰化縣,[500]彰化縣彰化市彰化市中興路98號,(04)7280366,,121.008482,24.62934,24.071027,120.5470014,1,1
福興鄉,895,895,國民小學,74649,縣立西勢國小,彰化縣,[506]彰化縣福興鄉西勢村員鹿路二段412號,(04)7772317,,120.246901,23.572998,24.0440417,120.437131,1,1
線西鄉,880,880,國民小學,74634,縣立曉陽國小,彰化縣,[507]彰化縣線西鄉頂犁村頂犁路158之1號,(04)7585370,,120.824783,24.312207,24.1214882,120.477797,1,1
二水鄉,955,955,國民小學,74709,縣立二水國小,彰化縣,[530]彰化縣二水鄉文化村光文路119號,(04)8792040,,120.337183,23.404822,23.8109622,120.6170364,1,0
二林鎮,988,988,國民小學,74742,縣立萬興國小,彰化縣,[526]彰化縣二林鎮永興里中央南街2號,(04)8682759,,120.591824,23.518497,23.9541428,120.4199914,1,0
大城鄉,996,996,國民小學,74750,縣立美豐國小,彰化縣,[527]彰化縣大城鄉三豐村東盛路1號,(04)8941660,偏遠,120.498622,23.507963,23.8850736,120.3016376,1,0
竹塘鄉,1002,1002,國民小學,74756,縣立長安國小,彰化縣,[525]彰化縣竹塘鄉長安村東陽路二段123號,(04)8972694,偏遠,120.604312,24.08649,23.8472092,120.3869512,0,1
芬園鄉,861,861,國民小學,74615,縣立芬園國小,彰化縣,[502]彰化縣芬園鄉彰南路四段27巷28號,(049)2522208,,120.809528,24.645664,24.0121841,120.628413,1,0
芳苑鄉,1004,1004,國民小學,74758,縣立芳苑國小,彰化縣,[528]彰化縣芳苑鄉芳苑村斗苑路芳苑段230號,(04)8983993,,120.580372,24.082665,23.9248192,120.3192327,1,0
員林市,932,932,國民小學,74686,縣立東山國小,彰化縣,[510]彰化縣員林市南東里山腳路四段212號,(04)8310749,,120.3517,23.520253,23.9679641,120.6012481,1,0
埔鹽鄉,918,918,國民小學,74672,縣立天盛國小,彰化縣,[516]彰化縣埔鹽鄉天盛村番金路68之1號,(04)8650842,偏遠,120.429436,23.555138,23.9843329,120.4283214,1,0
埤頭鄉,971,971,國民小學,74725,縣立中和國小,彰化縣,[523]彰化縣埤頭鄉中和村溪林路284號,(04)8895768,,120.409703,23.454443,23.8470789,120.4602601,1,0
鹿港鎮,888,888,國民小學,74642,縣立海埔國小,彰化縣,[505]彰化縣鹿港鎮海埔里鹿草路二段889號,(04)7781316,,120.229682,23.514005,24.083671,120.4441479,1,0
溪州鄉,977,977,國民小學,74731,縣立潮洋國小,彰化縣,[524]彰化縣溪州鄉潮洋村陸軍路一段146號,(04)8803059,偏遠,120.463166,23.452229,23.8139429,120.5192025,1,0
福興鄉,893,893,國民小學,74647,縣立管嶼國小,彰化縣,[506]彰化縣福興鄉廈粘村沿海路三段100號,(04)7702949,,120.207472,23.51856,24.0273414,120.4135602,1,0
線西鄉,879,879,國民小學,74633,縣立線西國小,彰化縣,[507]彰化縣線西鄉寓埔村中央路二段135號,(04)7585075,,120.936491,24.573676,24.131246,120.4697296,1,0
中山區,2153,2153,國民小學,171601,私立聖心小學,基隆市,[203]基隆市中山區西定路166號,(02)24261546,,121.733536,25.13558,25.1352692,121.7341288,1,1
中正區,2158,2158,國民小學,173605,市立八斗國小,基隆市,[202]基隆市中正區北寧路396巷52號,(02)24693391,,121.797204,25.138063,25.1380963,121.797648,1,1
古坑鄉,1176,1176,國民小學,94613,縣立東和國小,雲林縣,[646]雲林縣古坑鄉東和村文化路120號,(05)5263153,,120.604764,23.829556,23.6846672,120.5681675,1,1
卑南鄉,1947,1947,國民小學,144622,縣立利嘉國小,臺東縣,[954]臺東縣卑南鄉利嘉村利嘉路666號,(08)9380121,,120.292481,22.798857,22.776558,121.062103,1,1
芬園鄉,866,866,國民小學,74620,縣立茄荖國小,彰化縣,[502]彰化縣芬園鄉茄荖村嘉北街96號,(049)2523018,,120.734732,24.588097,24.0146333,120.6431194,1,1
芳苑鄉,1005,1005,國民小學,74759,縣立後寮國小,彰化縣,[528]彰化縣芳苑鄉後寮村芳寮路30號,(04)8983184,,120.56853,24.092092,23.9205588,120.3415225,1,1
信義區,2194,2194,國民小學,173641,市立深美國小,基隆市,[201]基隆市信義區深美街198號,(02)24654821,,121.777308,25.137471,25.1375999,121.778734,1,1
北投區,2508,2508,國民小學,423608,市立大屯國小,臺北市,[112]臺北市北投區大屯里復興三路312號,,,121.504279,25.154731,25.1548986,121.5039974,1,0
七堵區,2179,2179,國民小學,173626,市立七堵國小,基隆市,[206]基隆市七堵區明德一路184號,(02)24567116,,121.713618,25.09775,25.0977669,121.71362,1,1
八里區,1,1,國民小學,11602,私立聖心國小,新北市,[249]新北市八里區龍米路一段261號,(02)26182330,,120.629317,22.525607,25.1344344,121.4504758,1,1
三重區,201,201,國民小學,14803,市立集美國小,新北市,[241]新北市三重區集美街10號,(02)89725390,,121.451097,25.21748,25.0564706,121.4879933,1,1
三峽區,212,212,國民小學,14815,市立龍埔國小,新北市,[237]新北市三峽區大學路6號,(02)26745666,,121.501183,25.201252,24.9410218,121.3775919,1,1
土城區,53,53,國民小學,14649,市立廣福國小,新北市,[236]新北市土城區學府路一段127號,(02)22626782,,121.54285,25.079432,24.9868426,121.4547519,1,1
中和區,37,37,國民小學,14633,市立中和國小,新北市,[235]新北市中和區中和路100號,(02)22492550,,120.223076,22.988386,24.9997062,121.5016103,1,1
五股區,140,140,國民小學,14741,市立成州國小,新北市,[248]新北市五股區成泰路三段493號,(02)22933613,,121.670699,25.079384,25.0997414,121.4506619,1,1
仁愛區,2165,2165,國民小學,173612,市立信義國小,基隆市,[200]基隆市仁愛區仁二路135號,(02)24213960,,121.746796,25.127488,25.1274807,121.7469014,1,1
永和區,46,46,國民小學,14642,市立秀朗國小,新北市,[234]新北市永和區得和路202號,(02)29420451,,121.567099,25.055571,24.9994362,121.5221705,1,1
安樂區,2186,2186,國民小學,173633,市立建德國小,基隆市,[204]基隆市安樂區安和一街392號,(02)24313034,,121.722075,25.124868,25.124726,121.7224764,1,1
板橋區,10,10,國民小學,14605,市立莒光國小,新北市,[220]新北市板橋區華翠里莒光路163號,(02)22517272,,121.73066,25.15416,25.0260744,121.4735579,1,1
林口區,200,200,國民小學,14802,市立麗林國小,新北市,[244]新北市林口區公園路46號,(02)26008457,,121.476527,25.185817,25.0687415,121.3679032,1,1
泰山區,209,209,國民小學,14812,市立義學國小,新北市,[243]新北市泰山區民生路30號,(02)22972048,,121.545065,25.288911,25.0522369,121.4308926,1,1
崙背鄉,1259,1259,國民小學,94697,縣立豐榮國小,雲林縣,[637]雲林縣崙背鄉豐榮村豐榮路21號,(05)6552006,,120.970323,23.961071,23.7925326,120.3120054,1,1
淡水區,182,182,國民小學,14783,市立新興國小,新北市,[251]新北市淡水區新興街123號,(02)26203645,,121.763724,25.100347,25.1801369,121.4395436,1,1
深坑區,80,80,國民小學,14676,市立深坑國小,新北市,[222]新北市深坑區深坑里文化街45號,(02)26624675,偏遠,120.313139,22.621747,25.0015325,121.6163876,1,1
新店區,193,193,國民小學,14794,市立北新國小,新北市,[231]新北市新店區寶橋路8號,(02)29189300,,121.73745,25.027354,24.9738189,121.5447711,1,1
新莊區,135,135,國民小學,14736,市立光華國小,新北市,[242]新北市新莊區龍安路452號,(02)22058866,,121.441935,24.972383,25.0181531,121.4246515,1,1
暖暖區,2190,2190,國民小學,173637,市立碇內國小,基隆市,[205]基隆市暖暖區源遠路258號,(02)24581300,,121.754113,25.0981,25.0985044,121.7540658,1,1
瑞芳區,88,88,國民小學,14686,市立瑞芳國小,新北市,[224]新北市瑞芳區龍川里中山路2號,(02)24972058,偏遠,121.51731,25.014492,25.1078152,121.8047246,1,1
褒忠鄉,1230,1230,國民小學,94668,縣立復興國小,雲林縣,[634]雲林縣褒忠鄉新湖村復興路71號,(05)6972490,偏遠,120.384692,24.006965,23.7046813,120.2840995,1,1
樹林區,18,18,國民小學,14614,市立文林國小,新北市,[238]新北市樹林區潭底里千歲街59號,(02)26812625,,120.953205,24.790949,24.9976805,121.4243593,1,1
蘆洲區,206,206,國民小學,14808,市立忠義國小,新北市,[247]新北市蘆洲區光榮路99號,(02)22899591,,121.460248,25.147534,25.0898747,121.4634969,1,1
鶯歌區,24,24,國民小學,14620,市立鶯歌國小,新北市,[239]新北市鶯歌區同慶里尖山埔路106號,(02)26792038,,120.659473,24.119516,24.9510157,121.3461552,1,1
瑞芳區,90,90,國民小學,14688,市立瑞柑國小,新北市,[224]新北市瑞芳區明燈路一段18巷13號,(02)24971009,偏遠,121.372987,24.939198,25.1092255,121.8226618,1,0
瑞芳區,92,92,國民小學,14690,市立九份國小,新北市,[224]新北市瑞芳區永慶里崙頂路145號,(02)24972263,偏遠,121.45335,25.019421,25.1072093,121.8436,0,1
中山區,2174,2174,國民小學,173621,市立中山國小,基隆市,[203]基隆市中山區通仁街28號,(02)24223053,,121.737746,25.145886,25.1459704,121.7359392,1,1
信義區,2163,2163,國民小學,173610,市立東光國小,基隆市,[201]基隆市信義區東信路236巷16號,(02)24650329,,121.763169,25.129009,25.1295476,121.7630173,1,1
安樂區,2171,2171,國民小學,173618,市立武崙國小,基隆市,[204]基隆市安樂區武崙街203號,(02)24310018,,121.707344,25.138812,25.1390547,121.7062418,1,1
仁愛區,2167,2167,國民小學,173614,市立南榮國小,基隆市,[200]基隆市仁愛區南榮路321號,(02)24223038,,121.743896,25.119363,25.1196,121.7435939,1,1
七堵區,2182,2182,國民小學,173629,市立堵南國小,基隆市,[206]基隆市七堵區大德路120號,(02)24511339,,121.692171,25.083247,25.083334,121.6920705,1,1
西區,2316,2316,國民小學,203618,市立港坪國小,嘉義市,[600]嘉義市四維路63號,(05)2369037,,120.424545,23.47935,23.4790693,120.4243752,1,1
暖暖區,2195,2195,國民小學,173642,市立暖西國小,基隆市,[205]基隆市暖暖區暖暖街350號,(02)24588583,,121.735197,25.093846,25.0945954,121.734898,1,1
東區,2312,2312,國民小學,203614,市立蘭潭國小,嘉義市,[600]嘉義市東區小雅路419號,(05)2763492,,120.47149,23.4753,23.4757094,120.4710064,1,1
長治鄉,1758,1758,國民小學,131601,私立崇華國小,屏東縣,[908]屏東縣長治鄉復興村新興路38號,(08)7626365,,120.243335,23.292587,22.6819902,120.5472718,1,1
礁溪鄉,247,247,國民小學,24633,縣立三民國小,宜蘭縣,[262]宜蘭縣礁溪鄉三民村十六結路100號,(03)9882271,,121.901517,25.065806,24.8130527,121.7599778,1,1
花壇鄉,871,871,國民小學,74625,縣立三春國小,彰化縣,[503]彰化縣花壇鄉三春村三芬路47號,(04)7862154,,120.874367,24.443921,24.0162969,120.5664046,1,1
伸港鄉,884,884,國民小學,74638,縣立大同國小,彰化縣,[509]彰化縣伸港鄉大同村彰新路七段724號,(04)7982307,,120.848562,24.337764,24.1600433,120.4919677,1,1
彰化市,856,856,國民小學,74610,縣立大竹國小,彰化縣,[500]彰化縣彰化市彰南路二段164巷41號,(04)7381436,,120.894032,24.624249,24.0837997,120.5804658,1,1
竹田鄉,1831,1831,國民小學,134676,縣立大明國小,屏東縣,[911]屏東縣竹田鄉泗洲村洲中路40號,(08)7887780,偏遠,120.348318,22.701362,22.5755662,120.524909,1,1
員山鄉,253,253,國民小學,24639,縣立大湖國小,宜蘭縣,[264]宜蘭縣員山鄉湖東村蜊埤路55號,(03)9223584,,121.372859,25.082737,24.7493968,121.6935701,1,1
竹南鎮,678,678,國民小學,54723,縣立山佳國小,苗栗縣,[350]苗栗縣竹南鎮山佳里龍山路三段39號,(037)612839,,120.570096,24.255859,24.7019155,120.878402,1,1
恆春鎮,1873,1873,國民小學,134720,縣立山海國小,屏東縣,[946]屏東縣恆春鎮山海里山海路86號,(08)8869026,特偏,120.181985,22.903281,22.0008277,120.7447638,1,1
苑裡鎮,593,593,國民小學,54629,縣立山腳國小,苗栗縣,[358]苗栗縣苑裡鎮舊社里10鄰47號,(037)745024,,120.666499,23.727807,24.4155437,120.6818181,1,1
馬公市,2119,2119,國民小學,164604,縣立中山國小,澎湖縣,[880]澎湖縣馬公市案山里大案山25之6號,(06)9211342,偏遠,119.5822,23.556702,23.5587104,119.5807378,1,1
草屯鎮,1058,1058,國民小學,84636,縣立中原國小,南投縣,[542]南投縣草屯鎮中原里坪腳巷20號,(049)2554631,,120.480162,23.950044,23.9848113,120.7212195,1,1
花蓮市,2022,2022,國民小學,154608,縣立中華國小,花蓮縣,[970]花蓮縣花蓮市國盛二街22號,(03)8324308,,120.629041,22.42766,23.9924783,121.6067409,1,1
太保市,1379,1379,國民小學,104669,縣立太保國小,嘉義縣,[612]嘉義縣太保市太保里太保31號,(05)3711015,,121.631002,23.99183,23.464594,120.331063,1,1
苗栗市,570,570,國民小學,54604,縣立文山國小,苗栗縣,[360]苗栗縣苗栗市文山里4鄰文山41號,(037)320406,,121.098805,24.713739,24.5701397,120.8139998,1,1
鹿港鎮,886,886,國民小學,74640,縣立文開國小,彰化縣,[505]彰化縣鹿港鎮新宮里文開路60號,(04)7772042,,120.142087,23.562628,24.0566937,120.4301143,1,1
東港鎮,1843,1843,國民小學,134689,縣立以栗國小,屏東縣,[928]屏東縣東港鎮船頭里船頭路25號,(08)8322816,,120.28671,22.785034,22.4606022,120.462372,1,1
芳苑鄉,1006,1006,國民小學,74760,縣立民權國小,彰化縣,[528]彰化縣芳苑鄉五俊村新生巷5之1號,(04)8932625,偏遠,120.612007,24.068545,23.9327923,120.3478408,1,1
二崙鄉,1254,1254,國民小學,94692,縣立永定國小,雲林縣,[649]雲林縣二崙鄉永定村永定路238號,(05)5982796,,120.677518,23.912723,23.7960377,120.4191249,1,1
南州鄉,1863,1863,國民小學,134709,縣立同安國小,屏東縣,[926]屏東縣南州鄉同安村同安路79號,(08)8642334,偏遠,120.290781,22.869121,22.4731237,120.5217675,1,1
溪州鄉,979,979,國民小學,74733,縣立圳寮國小,彰化縣,[524]彰化縣溪州鄉圳寮村下樹巷29號,(04)8802165,偏遠,120.524401,23.393965,23.8382199,120.5236753,1,1
東勢鄉,1233,1233,國民小學,94671,縣立安南國小,雲林縣,[635]雲林縣東勢鄉安南村安南路109號,(05)6991454,,120.32831,23.896073,23.7049714,120.2492016,1,1
後龍鎮,643,643,國民小學,54686,縣立成功國小,苗栗縣,[356]苗栗縣後龍鎮水尾里12鄰104之1號,(037)722211,,120.819769,24.206718,24.6265289,120.7651664,1,1
朴子市,1320,1320,國民小學,104604,縣立竹村國小,嘉義縣,[613]嘉義縣朴子市竹村里36號,(05)3693628,偏遠,120.904776,22.365426,23.4402073,120.2483881,1,1
大村鄉,937,937,國民小學,74691,縣立村上國小,彰化縣,[515]彰化縣大村鄉村上村中山路二段242號,(04)8533680,,120.252256,23.509453,23.9887812,120.5646498,1,1
秀水鄉,900,900,國民小學,74654,縣立秀水國小,彰化縣,[504]彰化縣秀水鄉安東村中山路257號,(04)7692756,,120.240472,23.461029,24.0349675,120.5034394,1,1
民雄鄉,1341,1341,國民小學,104626,縣立秀林國小,嘉義縣,[621]嘉義縣民雄鄉北斗村北勢仔17號,(05)2215690,,121.382624,23.102212,23.5342051,120.4571042,1,1
福興鄉,899,899,國民小學,74653,縣立育新國小,彰化縣,[506]彰化縣福興鄉二港村福正路4號,(04)7802521,,120.247937,23.466659,24.041722,120.41267,1,1
宜蘭市,216,216,國民小學,24602,縣立宜蘭國小,宜蘭縣,[260]宜蘭縣宜蘭市崇聖街2號,(03)9322210,,121.466129,25.052926,24.7531529,121.7540924,1,1
斗六市,1170,1170,國民小學,94607,縣立林頭國小,雲林縣,[640]雲林縣斗六市林頭里榮譽路177號,(05)5322538,,120.58656,23.897501,23.7044509,120.5572041,1,1
竹山鎮,1161,1161,國民小學,84751,縣立前山國小,南投縣,[557]南投縣竹山鎮自強路100號,(049)2660662,,120.495771,22.456799,23.7517465,120.6783742,1,1
蘇澳鎮,234,234,國民小學,24620,縣立南安國小,宜蘭縣,[270]宜蘭縣蘇澳鎮南建里學府路122號,(03)9962664,,121.428099,25.05429,24.578909,121.8684428,1,1
水上鄉,1385,1385,國民小學,104675,縣立柳林國小,嘉義縣,[608]嘉義縣水上鄉柳林村92號,(05)2683240,,120.955321,23.948559,23.4296769,120.4170377,1,1
員林市,930,930,國民小學,74684,縣立員東國小,彰化縣,[510]彰化縣員林市員東路二段12號,(04)8311022,,120.344974,23.555743,23.961945,120.5873331,1,1
埔里鎮,1038,1038,國民小學,84615,縣立埔里國小,南投縣,[545]南投縣埔里鎮西門里西康路127號,(049)2982034,,120.460857,24.106487,23.9683835,120.9669258,1,1
臺東市,1935,1935,國民小學,144610,縣立康樂國小,臺東縣,[950]臺東縣臺東市山西路一段256號,(089)226131,偏遠,120.356065,22.723045,22.7544289,121.1195118,1,1
新城鄉,2029,2029,國民小學,154616,縣立康樂國小,花蓮縣,[971]花蓮縣新城鄉康樂村康樂一街38號,(03)8265597,,121.607778,24.052503,24.0525588,121.6078012,1,1
田尾鄉,965,965,國民小學,74719,縣立陸豐國小,彰化縣,[522]彰化縣田尾鄉陸豐村民生路三段200號,(04)8222563,,120.397155,23.428896,23.9038461,120.5221524,1,1
二水鄉,956,956,國民小學,74710,縣立復興國小,彰化縣,[530]彰化縣二水鄉復興村員集路五段472號,(04)8745935,,120.245568,23.336017,23.82964,120.6046678,1,1
社頭鄉,952,952,國民小學,74706,縣立朝興國小,彰化縣,[511]彰化縣社頭鄉朝興村社石路91號,(04)8732484,,120.286118,23.37404,23.9082898,120.6063519,1,1
溪湖鎮,910,910,國民小學,74664,縣立湖南國小,彰化縣,[514]彰化縣溪湖鎮大竹里彰水路二段725號,(04)8816845,,120.160567,23.330393,23.9499238,120.4803828,1,1
冬山鄉,268,268,國民小學,24656,縣立順安國小,宜蘭縣,[269]宜蘭縣冬山鄉順安村永興路二段17號,(03)9583445,,121.766272,24.688759,24.6549982,121.7634685,1,1
虎尾鎮,1218,1218,國民小學,94655,縣立廉使國小,雲林縣,[632]雲林縣虎尾鎮廉使里文科路1410號,(05)6322703,,120.348376,23.835808,23.7165168,120.4208361,1,1
內埔鄉,1821,1821,國民小學,134666,縣立新生國小,屏東縣,[912]屏東縣內埔鄉大新村大新路109號,(08)7708211,偏遠,120.420439,22.630524,22.66729,120.590885,1,1
新園鄉,1845,1845,國民小學,134691,縣立新園國小,屏東縣,[932]屏東縣新園鄉新園村媽祖路49號,(08)8681113,偏遠,120.303827,22.782054,22.5240313,120.4517278,1,1
二林鎮,992,992,國民小學,74746,縣立萬合國小,彰化縣,[526]彰化縣二林鎮萬合里江山巷1號,(04)8902164,偏遠,120.585972,23.473552,23.9252818,120.4089755,1,1
北港鎮,1276,1276,國民小學,94714,縣立僑美國小,雲林縣,[651]雲林縣北港鎮草湖里華勝路655號,(05)7832307,,120.547724,22.557031,23.600974,120.306001,1,1
斗南鎮,1199,1199,國民小學,94636,縣立僑真國小,雲林縣,[630]雲林縣斗南鎮延平路二段642號,(05)5972241,,120.522925,23.839076,23.6675557,120.4751902,1,1
南投市,1158,1158,國民小學,84748,縣立漳興國小,南投縣,[540]南投縣南投市復興路669號,(049)2224013,,120.449937,22.463386,23.9187839,120.6816608,1,1
西螺鎮,1244,1244,國民小學,94682,縣立廣興國小,雲林縣,[648]雲林縣西螺鎮廣興里廣興路59號,(05)5863094,,120.683949,23.905829,23.7672149,120.4574115,1,1
潮州鎮,1812,1812,國民小學,134656,縣立潮東國小,屏東縣,[920]屏東縣潮州鎮九塊里復興路66號,(08)7871364,,120.378585,22.504297,22.522896,120.5602726,1,1
吉安鄉,2034,2034,國民小學,154621,縣立稻香國小,花蓮縣,[973]花蓮縣吉安鄉稻香村稻香路99號,(03)8524663,,121.569151,23.963231,23.9632161,121.5691568,1,1
麥寮鄉,1265,1265,國民小學,94703,縣立橋頭國小,雲林縣,[638]雲林縣麥寮鄉橋頭村仁德路248號,(05)6912358,,120.646004,22.297729,23.797401,120.273153,1,1
頭份市,612,612,國民小學,54650,縣立頭份國小,苗栗縣,[351]苗栗縣頭份市頭份里中正路219號,(037)663020,,120.694196,23.858975,24.6881437,120.9125727,1,1
北斗鎮,960,960,國民小學,74714,縣立螺青國小,彰化縣,[521]彰化縣北斗鎮東光里斗中路712號,(04)8882031,,120.192788,23.340915,23.8710807,120.5343033,1,1
埔心鄉,921,921,國民小學,74675,縣立舊館國小,彰化縣,[513]彰化縣埔心鄉舊館村員鹿路四段201號,(04)8292025,,120.397271,23.557967,23.9473932,120.5250985,1,1
屏東市,1764,1764,國民小學,134606,縣立鶴聲國小,屏東縣,[900]屏東縣屏東市崇武里建國路121號,(08)7521207,,120.233681,23.299289,22.6651485,120.4796645,1,1
林內鄉,1190,1190,國民小學,94627,縣立九芎國小,雲林縣,[643]雲林縣林內鄉九芎村文化路10號,(05)5892647,,120.480886,23.870075,23.7449552,120.6021598,1,0
竹塘鄉,1003,1003,國民小學,74757,縣立土庫國小,彰化縣,[525]彰化縣竹塘鄉土庫村東陽路一段362號,(04)8972140,偏遠,120.597465,24.07636,23.8494706,120.4094973,1,0
萬巒鄉,1814,1814,國民小學,134658,縣立五溝國小,屏東縣,[923]屏東縣萬巒鄉五溝村西盛路89號,(08)7832285,偏遠,120.411434,22.479162,22.592127,120.596362,1,0
林邊鄉,1858,1858,國民小學,134704,縣立仁和國小,屏東縣,[927]屏東縣林邊鄉仁和村中山路417號,(08)8752201,偏遠,120.329869,22.88323,22.4379569,120.5118701,1,0
新港鄉,1349,1349,國民小學,104634,縣立文昌國小,嘉義縣,[616]嘉義縣新港鄉宮前村古民街12號,(05)3742172,,121.472322,23.415621,23.5535043,120.3504646,1,0
名間鄉,1085,1085,國民小學,84665,縣立田豐國小,南投縣,[551]南投縣名間鄉田仔村田仔巷40號,(049)2271509,,120.564763,23.988947,23.866687,120.676311,1,0
通霄鎮,607,607,國民小學,54643,縣立圳頭國小,苗栗縣,[357]苗栗縣通霄鎮圳頭里60號,(037)754434,偏遠,120.692523,23.87607,24.4776591,120.7206251,1,0
湖西鄉,2129,2129,國民小學,164615,縣立西溪國小,澎湖縣,[885]澎湖縣湖西鄉西溪村130號,(06)9921082,偏遠,119.641902,23.582816,23.5801154,119.6354282,1,0
芳苑鄉,1007,1007,國民小學,74761,縣立育華國小,彰化縣,[528]彰化縣芳苑鄉永興村太平路300號,(04)8933261,偏遠,120.614272,24.058527,23.9458022,120.3319042,1,0
金寧鄉,2606,2606,國民小學,714602,縣立金寧國(中)小,金門縣,[892]金門縣金寧鄉安岐1號,(082)322535,偏遠,118.326839,24.456717,24.462842,118.324249,1,0
土庫鎮,1224,1224,國民小學,94662,縣立後埔國小,雲林縣,[633]雲林縣土庫鎮後埔里241號,(05)6650483,,120.318992,23.925591,23.7039223,120.369492,1,0
二林鎮,991,991,國民小學,74745,縣立原斗國小,彰化縣,[526]彰化縣二林鎮原斗里斗苑路一段865號,(04)8902322,,120.562129,23.485431,23.8967235,120.4268117,1,0
臺西鄉,1240,1240,國民小學,94678,縣立新興國小,雲林縣,[636]雲林縣臺西鄉和豐村復興路53號,(05)6900143,偏遠,120.58574,23.854283,23.7458431,120.2076436,1,0
頭份市,619,619,國民小學,54657,縣立新興國小,苗栗縣,[351]苗栗縣頭份市下興里水源路157號,(037)663855,,120.738193,23.766758,24.6751081,120.9129357,1,0
水上鄉,1387,1387,國民小學,104677,縣立義興國小,嘉義縣,[608]嘉義縣水上鄉義興村2之1號,(05)2890096,偏遠,120.925814,23.942185,23.4140099,120.4213592,1,0
池上鄉,1974,1974,國民小學,144653,縣立萬安國小,臺東縣,[958]臺東縣池上鄉萬安村一鄰5之2號,(08)9862371,特偏,120.369211,22.34621,23.0887431,121.208259,1,0
金城鎮,2608,2608,國民小學,714604,縣立賢庵國小,金門縣,[893]金門縣金城鎮賢厝村庵前18之2號,(082)325463,偏遠,118.318989,24.417834,24.420415,118.322021,1,0
埤頭鄉,969,969,國民小學,74723,縣立豐崙國小,彰化縣,[523]彰化縣埤頭鄉豐崙村校前路50號,(04)8922136,偏遠,120.425931,23.418113,23.9165658,120.4602572,1,0
清水區,737,737,國民小學,64656,市立三田國小,臺中市,[436]臺中市清水區田寮里三田路4號,(04)26262400,,120.922185,24.460208,24.2902382,120.5799464,1,1
烏日區,777,777,國民小學,64696,市立東園國小,臺中市,[414]臺中市烏日區溪南路一段238巷198號,(04)23353092,,120.704019,24.214519,24.0835231,120.6396254,1,1
西區,2242,2242,國民小學,193609,市立忠信國小,臺中市,[403]臺中市西區林森路155號,(04)23722866,,120.668572,24.139281,24.1391036,120.668765,1,1
南屯區,2262,2262,國民小學,193629,市立文山國小,臺中市,[408]臺中市南屯區忠勇路97號,(04)23896934,,120.614758,24.149195,24.1493523,120.6153416,1,1
霧峰區,800,800,國民小學,64719,市立復興國小,臺中市,[413]臺中市霧峰區坑口里信義路50號,(04)23306075,,120.832016,24.53439,24.0424578,120.6967436,1,1
大里區,829,829,國民小學,64748,市立大元國小,臺中市,[412]臺中市大里區現岱路60號,(04)24834568,,120.707572,24.483936,24.1004948,120.6896568,1,1
南區,2246,2246,國民小學,193613,市立南區和平國小,臺中市,[402]臺中市南區復興路二段57號,(04)22613139,,120.659465,24.120547,24.1203129,120.660113,1,1
外埔區,714,714,國民小學,64633,市立馬鳴國小,臺中市,[438]臺中市外埔區中山里東西巷13號,(04)26834114,偏遠,120.635481,24.23808,24.3377269,120.6642297,1,1
大肚區,785,785,國民小學,64704,市立大忠國小,臺中市,[432]臺中市大肚區沙田路一段854巷24號,(04)26993693,,121.024088,24.824104,24.1343541,120.5565344,1,1
大甲區,747,747,國民小學,64666,市立德化國小,臺中市,[437]臺中市大甲區和平路290號,(04)26874602,偏遠,120.65481,24.439577,24.3621955,120.6246009,1,1
豐原區,686,686,國民小學,64605,市立豐村國小,臺中市,[420]臺中市豐原區水源路341號,(04)25222468,,120.526712,24.216702,24.2555051,120.7362747,1,1
大安區,764,764,國民小學,64683,市立三光國小,臺中市,[439]臺中市大安區龜殼里3鄰中松路297號,(04)26710148,偏遠,120.679378,24.311329,24.3575174,120.6008866,1,1
東勢區,717,717,國民小學,64636,市立中山國小,臺中市,[423]臺中市東勢區泰昌里中泰街88號,(04)25872471,,121.054352,24.700536,24.2529395,120.8351134,1,1
北區,2253,2253,國民小學,193620,市立省三國小,臺中市,[404]臺中市北區崇德路一段107號,(04)22318092,,120.684811,24.159771,24.1599428,120.6848554,1,1
神岡區,696,696,國民小學,64615,市立神岡國小,臺中市,[429]臺中市神岡區神岡里神圳路1號,(04)25622406,,120.83132,24.243382,24.2582068,120.6611146,1,1
北屯區,2269,2269,國民小學,193636,市立軍功國小,臺中市,[406]臺中市北屯區和平里軍福十三路300號,(04)24370696,,120.719295,24.173247,24.1728256,120.7193271,1,1
潭子區,822,822,國民小學,64741,市立潭陽國小,臺中市,[427]臺中市潭子區潭陽路19號,(04)25382255,,120.665768,24.472828,24.2130417,120.7101284,1,1
梧棲區,743,743,國民小學,64662,市立梧南國小,臺中市,[435]臺中市梧棲區草湳里文化路一段6號,(04)26567968,偏遠,120.825977,24.579129,24.2448023,120.5275637,1,1
東區,2237,2237,國民小學,193604,市立東區成功國小,臺中市,[401]臺中市東區旱溪西路一段300號,(04)22124224,,120.699289,24.13718,24.1371661,120.6997102,1,1
龍井區,769,769,國民小學,64688,市立龍津國小,臺中市,[434]臺中市龍井區龍津里中央路一段165巷50號,(04)26393394,,120.658671,24.272516,24.2008251,120.5219061,1,1
大雅區,703,703,國民小學,64622,市立大明國小,臺中市,[428]臺中市大雅區中清路四段158號,(04)25651300,,120.602787,24.267207,24.2285538,120.6432416,1,1
沙鹿區,758,758,國民小學,64677,市立竹林國小,臺中市,[433]臺中市沙鹿區臺灣大道7段821號,(04)26620175,,120.72196,24.236911,24.2377114,120.5669438,1,1
石岡區,725,725,國民小學,64644,市立土牛國小,臺中市,[422]臺中市石岡區土牛里豐勢路308號,(04)25816043,,121.246791,24.680253,24.2661272,120.8076499,1,0
太平區,839,839,國民小學,64758,市立車籠埔國小,臺中市,[411]臺中市太平區光明路10-2 號,(04)22763928,,120.947511,24.680475,24.1099496,120.7319265,1,1
霧峰區,799,799,國民小學,64718,市立桐林國小,臺中市,[413]臺中市霧峰區民生路675號,(04)23304311,偏遠,120.832799,24.469019,24.0659704,120.7355225,1,0
大安區,765,765,國民小學,64684,市立海墘國小,臺中市,[439]臺中市大安區海墘里大安港路1100號,(04)26876085,,120.750457,24.32525,24.3789624,120.5885676,1,0
東勢區,721,721,國民小學,64640,市立中科國小,臺中市,[423]臺中市東勢區東崎路4段92巷16號,(04)25872534,偏遠,121.192646,24.6991,24.256566,120.8516603,1,0
五股區,142,142,國民小學,14743,市立五股國小,新北市,[248]新北市五股區五股里成泰路二段49號,(02)22917191,,121.669,25.069433,25.0831324,121.437248,1,1
永和區,45,45,國民小學,14641,市立永和國小,新北市,[234]新北市永和區秀朗路一段120號,(02)29214615,,120.149046,23.057106,25.0033,121.5167043,1,1
三重區,161,161,國民小學,14762,市立修德國小,新北市,[241]新北市三重區重陽路三段3號,(02)29800495,,121.514157,24.961301,25.0658348,121.4897286,1,1
土城區,50,50,國民小學,14646,市立土城國小,新北市,[236]新北市土城區興城路17號,(02)22700177,,121.54844,25.039328,24.9712795,121.4424151,1,1
蘆洲區,186,186,國民小學,14787,市立仁愛國小,新北市,[247]新北市蘆洲區民族路488號,(02)22838815,,121.831967,25.029033,25.091179,121.4706203,1,1
汐止區,54,54,國民小學,14650,市立汐止國小,新北市,[221]新北市汐止區大同路二段313號,(02)26477271,,121.51537,25.057911,25.0667325,121.6549682,1,1
淡水區,214,214,國民小學,14817,市立新市國小,新北市,[251]新北市淡水區中山北路二段200號,(02)26262141,,121.447166,25.04507,25.1864213,121.4443784,1,1
林口區,149,149,國民小學,14750,市立南勢國小,新北市,[244]新北市林口區南勢五街2號,(02)26091020,偏遠,121.650945,25.208406,25.0749024,121.358273,1,1
三峽區,30,30,國民小學,14626,市立民義國小,新北市,[237]新北市三峽區嘉添里白雞路40號,(02)26711895,偏遠,120.641855,24.186529,24.9120929,121.3755087,1,1
板橋區,6,6,國民小學,14601,市立板橋國小,新北市,[220]新北市板橋區黃石里文化路一段23號,(02)29686834,,121.613612,24.007373,25.0108349,121.4581976,1,1
新莊區,132,132,國民小學,14733,市立國泰國小,新北市,[242]新北市新莊區中正路386號,(02)29043693,,121.51158,25.015518,25.0342275,121.441712,1,1
泰山區,194,194,國民小學,14795,市立同榮國小,新北市,[243]新北市泰山區公園路33號,(02)22968551,,121.726942,25.023163,25.0544124,121.4284979,1,1
鶯歌區,176,176,國民小學,14777,市立建國國小,新北市,[239]新北市鶯歌區育英街2號,(02)26709228,,121.821477,25.116827,24.9550043,121.3468024,1,1
中和區,43,43,國民小學,14639,市立錦和國小,新北市,[235]新北市中和區圓通路292號,(02)22479495,,120.17939,22.987526,24.9892713,121.4895915,1,1
樹林區,21,21,國民小學,14617,市立山佳國小,新北市,[238]新北市樹林區中山路三段5號,(02)26806673,,120.607816,24.182324,24.9754914,121.4017467,1,1
坪林區,85,85,國民小學,14682,市立坪林國小,新北市,[232]新北市坪林區坪林里坪林街114號,(02)26656213,偏遠,121.521642,25.007061,24.9363439,121.7110847,1,0
新店區,71,71,國民小學,14667,市立直潭國小,新北市,[231]新北市新店區直潭路92號,(02)26667278,偏遠,121.504569,25.139958,24.9377859,121.5317482,1,0
新店區,70,70,國民小學,14666,市立新店國小,新北市,[231]新北市新店區新店路2號,(02)29103483,,121.523048,25.087015,24.9529217,121.5402517,1,1
淡水區,112,112,國民小學,14713,市立育英國小,新北市,[251]新北市淡水區埤島里14號,(02)26214390,偏遠,121.335053,24.96914,25.214035,121.462287,1,0
八里區,145,145,國民小學,14746,市立八里國小,新北市,[249]新北市八里區舊城里中山路二段338號,(02)26102217,,121.699896,25.05997,25.1500909,121.4039408,1,1
石碇區,82,82,國民小學,14678,市立和平國小,新北市,[223]新北市石碇區隆盛里八分寮5號,(02)26631405,偏遠,120.338791,22.626491,25.012518,121.642445,1,1
中正區,2415,2415,國民小學,353608,臺北市立大學附小,臺北市,[100]臺北市中正區黎明里公園路29號,(02)23110395,,121.515255,25.036314,25.0358766,121.5162805,1,1
南港區,2464,2464,國民小學,393605,市立胡適國小,臺北市,[115]臺北市南港區中研里舊莊街1段1號,(02)27824949,,121.61721,25.042399,25.041386,121.618666,1,1
信義區,2374,2374,國民小學,323601,市立興雅國小,臺北市,[110]臺北市信義區雅祥里基隆路1段83巷9號,(02)27618156,,121.570074,25.046767,25.0332738,121.5731167,1,1
萬華區,2427,2427,國民小學,373602,市立雙園國小,臺北市,[108]臺北市萬華區雙園里莒光路315號,(02)23061893,,121.498158,25.030937,25.0308183,121.4985878,1,1
中山區,2402,2402,國民小學,343606,市立大佳國小,臺北市,[104]臺北市中山區大佳里6鄰濱江街107號,(02)25035816,,121.535954,25.073303,25.0733728,121.5360181,1,1
內湖區,2468,2468,國民小學,403602,市立碧湖國小,臺北市,[114]臺北市內湖區內湖里金龍路100號,(02)27907161,,121.591108,25.085302,25.0853115,121.5911103,1,1
松山區,2370,2370,國民小學,313606,市立民權國小,臺北市,[105]臺北市松山區民權東路四段200號,(02)27652327,,121.562298,25.062508,25.0625273,121.562343,1,1
大安區,2383,2383,國民小學,330601,國立臺北教大實小,臺北市,[106]臺北市大安區龍淵里和平東路2段94號,(02)27356186,,121.540887,25.025005,25.0247436,121.5411483,1,1
大同區,2424,2424,國民小學,363609,市立大橋國小,臺北市,[103]臺北市大同區隆和里重慶北路3段2號,(02)25944413,,121.513379,25.064287,25.0634649,121.5127785,1,1
文山區,2456,2456,國民小學,383616,市立萬興國小,臺北市,[116]臺北市文山區萬興里秀明路2段114號,(02)29381721,,121.576625,24.990433,24.9904294,121.5765927,1,1
北投區,2507,2507,國民小學,423607,市立泉源國小,臺北市,[112]臺北市北投區泉源里東昇路34號,(02)28951258,,121.524337,25.149207,25.1493002,121.5244264,1,0
北投區,2512,2512,國民小學,423612,市立義方國小,臺北市,[112]臺北市北投區珠海路155號,(02)28917433,,121.509274,25.142037,25.1420469,121.5093048,1,1
士林區,2499,2499,國民小學,413619,市立三玉國小,臺北市,[111]臺北市士林區三玉里天母東路116號,(02)28751369,,121.537323,25.117995,25.1178607,121.5372679,1,1
新營區,1559,1559,國民小學,114733,市立南梓國小,臺南市,[730]臺南市新營區建業路191號,(06)6562904,,120.375649,23.794096,23.2982679,120.2986916,1,1
麻豆區,1496,1496,國民小學,114660,市立培文國小,臺南市,[721]臺南市麻豆區和平路11號,(06)5722169,,120.602403,23.74401,23.1787888,120.2470532,1,1
善化區,1483,1483,國民小學,114647,市立善化國小,臺南市,[741]臺南市善化區進學路63號,(06)5817020,,120.554463,23.626131,23.1356972,120.2890022,1,1
新營區,1600,1600,國民小學,114781,市立新泰國小,臺南市,[730]臺南市新營區東學路77號,(06)6330496,,120.199597,23.65297,23.3155889,120.3262028,1,1
仁德區,1447,1447,國民小學,114607,市立德南國小,臺南市,[717]臺南市仁德區後壁里中正路二段209號,(06)2794772,,120.950278,23.785727,22.9487584,120.2511264,1,1
歸仁區,1603,1603,國民小學,114785,市立紅瓦厝國小,臺南市,[711]臺南市歸仁區信義南路100號,(06)2309012,,120.183306,23.587083,22.9626153,120.2989197,1,1
中西區,2333,2333,國民小學,213614,市立協進國小,臺南市,[700]臺南市中西區金華路四段17號,(06)2223369,,120.193961,22.99723,22.9972259,120.1940913,1,1
鹽水區,1566,1566,國民小學,114740,市立月津國小,臺南市,[737]臺南市鹽水區月津路16號,(06)6521113,,120.308915,23.764007,23.315883,120.266373,1,1
鹽水區,1568,1568,國民小學,114743,市立仁光國小,臺南市,[737]臺南市鹽水區舊營里117號,(06)6523620,偏遠,120.355751,23.785526,23.2982122,120.2599266,1,0
將軍區,1525,1525,國民小學,114693,市立將軍國小,臺南市,[725]臺南市將軍區將貴里58號,(06)7942034,,120.485142,23.729057,23.2067064,120.1401654,1,0
下營區,1541,1541,國民小學,114711,市立下營國小,臺南市,[735]臺南市下營區仁里里13鄰中山路二段72號,(06)6892181,,120.265742,23.711561,23.2314709,120.2616162,1,0
善化區,1487,1487,國民小學,114651,市立陽明國小,臺南市,[741]臺南市善化區胡家里300號,(06)5817165,,120.631068,23.604213,23.1508594,120.2714642,1,0
關廟區,1459,1459,國民小學,114619,市立新光國小,臺南市,[718]臺南市關廟區新光街76號,(06)5952419,偏遠,121.076248,23.946871,22.9719016,120.3528226,1,0
大園區,319,319,國民小學,34625,市立圳頭國小,桃園市,[337]桃園市大園區中華路261號,(03)3862504,,121.380362,24.43738,25.0725857,121.2050445,1,1
蘆竹區,308,308,國民小學,34614,市立公埔國小,桃園市,[338]桃園市蘆竹區南山路二段448號,(03)3243852,,121.763498,24.654738,25.0717591,121.2859943,1,1
龜山區,334,334,國民小學,34640,市立大埔國小,桃園市,[333]桃園市龜山區振興路1169號,(03)3298329,偏遠,121.297506,25.000417,25.0296641,121.3749706,1,1
新屋區,397,397,國民小學,34703,市立東明國小,桃園市,[327]桃園市新屋區中山西路一段474號,(03)4772500,,121.292256,24.92071,24.9762512,121.0849066,1,1
觀音區,414,414,國民小學,34720,市立富林國小,桃園市,[328]桃園市觀音區富林里五鄰8號之2,(03)4839049,,121.229533,24.941973,25.0366077,121.1223488,1,1
中壢區,438,438,國民小學,34745,市立興國國小,桃園市,[320]桃園市中壢區元化路二段62號,(03)4258158,,121.166988,24.848182,24.9635147,121.2213024,1,1
龍潭區,291,291,國民小學,31601,私立福祿貝爾國小,桃園市,[325]桃園市龍潭區金龍路223號,(03)4899899,,121.728973,24.762816,24.8539539,121.2147221,1,1
楊梅區,390,390,國民小學,34696,市立水美國小,桃園市,[326]桃園市楊梅區水美里楊新路一段410號,(03)4782770,,121.282096,24.855884,24.9187658,121.1372109,1,1
大溪區,456,456,國民小學,34763,市立田心國小,桃園市,[335]桃園市大溪區文化路120號,(03)3872008,,121.2979,25.021439,24.8808439,121.2922744,1,1
八德區,347,347,國民小學,34653,市立廣興國小,桃園市,[334]桃園市八德區廣興里十六鄰雙連坡1-1號,(03)3666007,,121.300935,25.050201,24.9568739,121.2826641,1,1
桃園區,294,294,國民小學,31604,私立康萊爾國(中)小,桃園市,[330]桃園市桃園區力行路288巷8號,(03)3026889,,121.687545,24.718716,24.9997496,121.2968892,1,1
龜山區,337,337,國民小學,34643,市立龍壽國小,桃園市,[333]桃園市龜山區龍壽里龍校街30號,(03)3296554,偏遠,121.286959,25.009461,25.0110923,121.3879948,1,0
楊梅區,388,388,國民小學,34694,市立瑞原國小,桃園市,[326]桃園市楊梅區民安路1號,(03)4723280,偏遠,121.286547,24.884905,24.9260585,121.1037044,1,0
大溪區,359,359,國民小學,34665,市立永福國小,桃園市,[335]桃園市大溪區永福里信義路十二鄰1165號,(03)3883709,偏遠,121.204302,25.071737,24.894939,121.31885,1,0
苓雅區,2654,2654,附設國民小學,580301,國立高師大附中附設國小,高雄市,[802]高雄市苓雅區凱旋二路89號,(07)7613875,,120.322109,22.626516,22.6264895,120.3218838,1,1
三民區,2549,2549,國民小學,553603,市立愛國國小,高雄市,[807]高雄市三民區十全一路1號,(07)3161191,,120.313676,22.644535,22.6445763,120.313442,1,1
左營區,2527,2527,國民小學,533602,市立舊城國小,高雄市,[813]高雄市左營區蓮潭路47號,(07)5810017,,120.292937,22.683141,22.6831518,120.2929535,1,1
鼓山區,2525,2525,國民小學,523607,市立九如國小,高雄市,[804]高雄市鼓山區九如四路763號,(07)5317186,,120.278712,22.652148,22.6522414,120.278776,1,1
前鎮區,2585,2585,國民小學,593611,市立鎮昌國小,高雄市,[806]高雄市前鎮區樹人路261號,(07)8116575,,120.317983,22.590548,22.5903341,120.3181616,1,1
小港區,2598,2598,國民小學,613608,市立二苓國小,高雄市,[812]高雄市小港區立群路6號,(07)8016837,,120.353258,22.56379,22.5640784,120.3532557,1,1
鹽埕區,2516,2516,國民小學,513601,市立鹽埕國小,高雄市,[803]高雄市鹽埕區五福四路183號,(07)5210626,,120.282912,22.623692,22.6231358,120.2826852,1,1
新興區,2561,2561,國民小學,563601,市立新興區新興國小,高雄市,[800]高雄市新興區民生一路321號,(07)2412119,,120.304527,22.626018,22.6270621,120.3049736,1,1
仁武區,1637,1637,國民小學,124634,市立仁武國小,高雄市,[814]高雄市仁武區中正路94號,(07)3711126#10,,120.260252,22.990334,22.7013972,120.3484632,1,1
鳥松區,1643,1643,國民小學,124640,市立鳥松國小,高雄市,[833]高雄市鳥松區鳥松里文前路32號,(07)7321780,,120.296484,22.970048,22.6633324,120.3613859,1,1
楠梓區,2543,2543,國民小學,543606,市立加昌國小,高雄市,[811]高雄市楠梓區樂群路220號,(07)3627169,,120.296547,22.720392,22.7204868,120.2965431,1,1
鳳山區,1735,1735,國民小學,124740,市立鳳西國小,高雄市,[830]高雄市鳳山區光華東路100號,(07)7400773,,120.260519,23.231561,22.6175524,120.3587116,1,1
大寮區,1628,1628,國民小學,124625,市立大寮國小,高雄市,[831]高雄市大寮區大寮路740號,(07)7881652,,120.152166,23.378925,22.5910405,120.416475,1,1
湖內區,1677,1677,國民小學,124677,市立海埔國小,高雄市,[829]高雄市湖內區海埔里忠孝街256號,(07)6992346,,120.288778,23.135688,22.8955266,120.2254002,1,0
大樹區,2641,2641,附設國民小學,121320,私立義大國際高中附設國小,高雄市,[840]高雄市大樹區學城路1段6號,(07)6577115,,120.40491,22.728386,22.7271392,120.4058246,1,0
旗山區,1693,1693,國民小學,124693,市立旗尾國小,高雄市,[842]高雄市旗山區東平里延平二路19號,(07)6616708,,120.246216,23.160279,22.8818724,120.4919646,1,1
竹北市,512,512,國民小學,44630,縣立新社國小,新竹縣,[302]新竹縣竹北市新社里40號,(03)5552026,,120.698259,24.042264,24.8448597,120.9983863,1,1
竹東鎮,501,501,國民小學,44619,縣立竹東國小,新竹縣,[310]新竹縣竹東鎮康寧街1號,(03)5962025,,120.700437,24.093058,24.7358325,121.088034,1,1
香山區,2218,2218,國民小學,183620,市立朝山國小,新竹市,[300]新竹市香山區中華路五段648巷126號,(03)5374304,,120.91402,24.765693,24.7658411,120.9139765,1,0
新豐鄉,533,533,國民小學,44651,縣立新豐國小,新竹縣,[304]新竹縣新豐鄉重興村明德巷13號,(03)5592081,,121.34568,24.99765,24.9010833,120.987678,1,1
關西鎮,484,484,國民小學,44602,縣立東安國小,新竹縣,[306]新竹縣關西鎮東安里中山東路40號,(03)5872177,,121.292969,25.021126,24.7894404,121.1832507,1,0
